STANDARD_CACHE_SIZE,LOWER_CACHE_SIZE,HIGHER_CACHE_SIZE,STANDARD_PAGE_SIZE,LOWER_PAGE_SIZE,HIGHER_PAGE_SIZE,HIGHEST_PAGE_SIZE,SECURE_DELETE_TRUE,SECURE_DELETE_FALSE,SECURE_DELETE_FAST,TEMP_STORE_DEFAULT,TEMP_STORE_FILE,TEMP_STORE_MEMORY,SHARED_CACHE_TRUE,SHARED_CACHE_FALSE,READ_UNCOMMITED_TRUE,READ_UNCOMMITED_FALSE,FULLSYNC_TRUE,FULLSYNC_FALSE,TRANSACTION_MODE_DEFERRED,TRANSACTION_MODE_IMMEDIATE,TRANSACTION_MODE_EXCLUSIVE,$<TPS
0,0,1,0,0,0,1,0,0,1,0,0,1,0,1,0,1,0,1,0,0,1,95.88999999999999
0,0,1,0,0,0,1,0,0,1,0,0,1,0,1,0,1,0,1,0,1,0,59.819999999999965
0,0,1,0,0,0,1,0,0,1,0,0,1,0,1,0,1,0,1,1,0,0,53.46999999999997
0,0,1,0,0,0,1,0,0,1,0,0,1,0,1,0,1,1,0,0,0,1,97.55999999999997
0,0,1,0,0,0,1,0,0,1,0,0,1,0,1,0,1,1,0,0,1,0,58.51999999999998
0,0,1,0,0,0,1,0,0,1,0,0,1,0,1,0,1,1,0,1,0,0,46.29999999999998
0,0,1,0,0,0,1,0,0,1,0,0,1,0,1,1,0,0,1,0,0,1,52.95999999999998
0,0,1,0,0,0,1,0,0,1,0,0,1,0,1,1,0,0,1,0,1,0,49.95999999999998
0,0,1,0,0,0,1,0,0,1,0,0,1,0,1,1,0,0,1,1,0,0,41.95999999999998
0,0,1,0,0,0,1,0,0,1,0,0,1,0,1,1,0,1,0,0,0,1,43.869999999999976
0,0,1,0,0,0,1,0,0,1,0,0,1,0,1,1,0,1,0,0,1,0,48.94999999999996
0,0,1,0,0,0,1,0,0,1,0,0,1,0,1,1,0,1,0,1,0,0,39.71999999999997
0,0,1,0,0,0,1,0,0,1,0,0,1,1,0,0,1,0,1,0,0,1,51.12999999999997
0,0,1,0,0,0,1,0,0,1,0,0,1,1,0,0,1,0,1,0,1,0,30.789999999999964
0,0,1,0,0,0,1,0,0,1,0,0,1,1,0,0,1,0,1,1,0,0,42.26999999999998
0,0,1,0,0,0,1,0,0,1,0,0,1,1,0,0,1,1,0,0,0,1,40.14999999999998
0,0,1,0,0,0,1,0,0,1,0,0,1,1,0,0,1,1,0,0,1,0,42.359999999999985
0,0,1,0,0,0,1,0,0,1,0,0,1,1,0,0,1,1,0,1,0,0,50.45999999999998
0,0,1,0,0,0,1,0,0,1,0,0,1,1,0,1,0,0,1,0,0,1,48.839999999999975
0,0,1,0,0,0,1,0,0,1,0,0,1,1,0,1,0,0,1,0,1,0,41.639999999999986
0,0,1,0,0,0,1,0,0,1,0,0,1,1,0,1,0,0,1,1,0,0,39.45999999999998
0,0,1,0,0,0,1,0,0,1,0,0,1,1,0,1,0,1,0,0,0,1,38.079999999999984
0,0,1,0,0,0,1,0,0,1,0,0,1,1,0,1,0,1,0,0,1,0,40.069999999999965
0,0,1,0,0,0,1,0,0,1,0,0,1,1,0,1,0,1,0,1,0,0,45.069999999999965
0,0,1,0,0,0,1,0,0,1,0,1,0,0,1,0,1,0,1,0,0,1,54.789999999999964
0,0,1,0,0,0,1,0,0,1,0,1,0,0,1,0,1,0,1,0,1,0,51.589999999999975
0,0,1,0,0,0,1,0,0,1,0,1,0,0,1,0,1,0,1,1,0,0,40.17999999999998
0,0,1,0,0,0,1,0,0,1,0,1,0,0,1,0,1,1,0,0,0,1,39.539999999999964
0,0,1,0,0,0,1,0,0,1,0,1,0,0,1,0,1,1,0,0,1,0,41.579999999999984
0,0,1,0,0,0,1,0,0,1,0,1,0,0,1,0,1,1,0,1,0,0,45.67999999999998
0,0,1,0,0,0,1,0,0,1,0,1,0,0,1,1,0,0,1,0,0,1,39.47999999999996
0,0,1,0,0,0,1,0,0,1,0,1,0,0,1,1,0,0,1,0,1,0,41.20999999999998
0,0,1,0,0,0,1,0,0,1,0,1,0,0,1,1,0,0,1,1,0,0,34.40999999999997
0,0,1,0,0,0,1,0,0,1,0,1,0,0,1,1,0,1,0,0,0,1,40.589999999999975
0,0,1,0,0,0,1,0,0,1,0,1,0,0,1,1,0,1,0,0,1,0,45.20999999999998
0,0,1,0,0,0,1,0,0,1,0,1,0,0,1,1,0,1,0,1,0,0,32.25999999999996
0,0,1,0,0,0,1,0,0,1,0,1,0,1,0,0,1,0,1,0,0,1,34.869999999999976
0,0,1,0,0,0,1,0,0,1,0,1,0,1,0,0,1,0,1,0,1,0,41.68999999999997
0,0,1,0,0,0,1,0,0,1,0,1,0,1,0,0,1,0,1,1,0,0,43.059999999999974
0,0,1,0,0,0,1,0,0,1,0,1,0,1,0,0,1,1,0,0,0,1,42.46999999999997
0,0,1,0,0,0,1,0,0,1,0,1,0,1,0,0,1,1,0,0,1,0,37.14999999999998
0,0,1,0,0,0,1,0,0,1,0,1,0,1,0,0,1,1,0,1,0,0,30.899999999999977
0,0,1,0,0,0,1,0,0,1,0,1,0,1,0,1,0,0,1,0,0,1,36.349999999999966
0,0,1,0,0,0,1,0,0,1,0,1,0,1,0,1,0,0,1,0,1,0,43.389999999999986
0,0,1,0,0,0,1,0,0,1,0,1,0,1,0,1,0,0,1,1,0,0,53.079999999999984
0,0,1,0,0,0,1,0,0,1,0,1,0,1,0,1,0,1,0,0,0,1,36.98999999999998
0,0,1,0,0,0,1,0,0,1,0,1,0,1,0,1,0,1,0,0,1,0,43.17999999999998
0,0,1,0,0,0,1,0,0,1,0,1,0,1,0,1,0,1,0,1,0,0,36.29999999999998
0,0,1,0,0,0,1,0,0,1,1,0,0,0,1,0,1,0,1,0,0,1,36.18999999999997
0,0,1,0,0,0,1,0,0,1,1,0,0,0,1,0,1,0,1,0,1,0,47.68999999999997
0,0,1,0,0,0,1,0,0,1,1,0,0,0,1,0,1,0,1,1,0,0,36.04999999999998
0,0,1,0,0,0,1,0,0,1,1,0,0,0,1,0,1,1,0,0,0,1,44.339999999999975
0,0,1,0,0,0,1,0,0,1,1,0,0,0,1,0,1,1,0,0,1,0,39.079999999999984
0,0,1,0,0,0,1,0,0,1,1,0,0,0,1,0,1,1,0,1,0,0,38.29999999999998
0,0,1,0,0,0,1,0,0,1,1,0,0,0,1,1,0,0,1,0,0,1,29.289999999999964
0,0,1,0,0,0,1,0,0,1,1,0,0,0,1,1,0,0,1,0,1,0,38.539999999999964
0,0,1,0,0,0,1,0,0,1,1,0,0,0,1,1,0,0,1,1,0,0,45.98999999999998
0,0,1,0,0,0,1,0,0,1,1,0,0,0,1,1,0,1,0,0,0,1,44.559999999999974
0,0,1,0,0,0,1,0,0,1,1,0,0,0,1,1,0,1,0,0,1,0,53.48999999999998
0,0,1,0,0,0,1,0,0,1,1,0,0,0,1,1,0,1,0,1,0,0,40.04999999999998
0,0,1,0,0,0,1,0,0,1,1,0,0,1,0,0,1,0,1,0,0,1,31.369999999999976
0,0,1,0,0,0,1,0,0,1,1,0,0,1,0,0,1,0,1,0,1,0,32.069999999999965
0,0,1,0,0,0,1,0,0,1,1,0,0,1,0,0,1,0,1,1,0,0,43.62999999999997
0,0,1,0,0,0,1,0,0,1,1,0,0,1,0,0,1,1,0,0,0,1,45.539999999999964
0,0,1,0,0,0,1,0,0,1,1,0,0,1,0,0,1,1,0,0,1,0,32.15999999999997
0,0,1,0,0,0,1,0,0,1,1,0,0,1,0,0,1,1,0,1,0,0,32.539999999999964
0,0,1,0,0,0,1,0,0,1,1,0,0,1,0,1,0,0,1,0,0,1,35.52999999999997
0,0,1,0,0,0,1,0,0,1,1,0,0,1,0,1,0,0,1,0,1,0,36.599999999999966
0,0,1,0,0,0,1,0,0,1,1,0,0,1,0,1,0,0,1,1,0,0,46.87999999999997
0,0,1,0,0,0,1,0,0,1,1,0,0,1,0,1,0,1,0,0,0,1,40.46999999999997
0,0,1,0,0,0,1,0,0,1,1,0,0,1,0,1,0,1,0,0,1,0,35.309999999999974
0,0,1,0,0,0,1,0,0,1,1,0,0,1,0,1,0,1,0,1,0,0,30.639999999999986
0,0,1,0,0,0,1,0,1,0,0,0,1,0,1,0,1,0,1,0,0,1,36.49999999999997
0,0,1,0,0,0,1,0,1,0,0,0,1,0,1,0,1,0,1,0,1,0,48.02999999999997
0,0,1,0,0,0,1,0,1,0,0,0,1,0,1,0,1,0,1,1,0,0,44.44999999999996
0,0,1,0,0,0,1,0,1,0,0,0,1,0,1,0,1,1,0,0,0,1,39.339999999999975
0,0,1,0,0,0,1,0,1,0,0,0,1,0,1,0,1,1,0,0,1,0,31.299999999999983
0,0,1,0,0,0,1,0,1,0,0,0,1,0,1,0,1,1,0,1,0,0,34.23999999999998
0,0,1,0,0,0,1,0,1,0,0,0,1,0,1,1,0,0,1,0,0,1,42.589999999999975
0,0,1,0,0,0,1,0,1,0,0,0,1,0,1,1,0,0,1,0,1,0,31.049999999999983
0,0,1,0,0,0,1,0,1,0,0,0,1,0,1,1,0,0,1,1,0,0,42.619999999999976
0,0,1,0,0,0,1,0,1,0,0,0,1,0,1,1,0,1,0,0,0,1,37.95999999999998
0,0,1,0,0,0,1,0,1,0,0,0,1,0,1,1,0,1,0,0,1,0,35.77999999999997
0,0,1,0,0,0,1,0,1,0,0,0,1,0,1,1,0,1,0,1,0,0,36.62999999999997
0,0,1,0,0,0,1,0,1,0,0,0,1,1,0,0,1,0,1,0,0,1,43.309999999999974
0,0,1,0,0,0,1,0,1,0,0,0,1,1,0,0,1,0,1,0,1,0,42.069999999999965
0,0,1,0,0,0,1,0,1,0,0,0,1,1,0,0,1,0,1,1,0,0,42.21999999999997
0,0,1,0,0,0,1,0,1,0,0,0,1,1,0,0,1,1,0,0,0,1,34.16999999999996
0,0,1,0,0,0,1,0,1,0,0,0,1,1,0,0,1,1,0,0,1,0,50.15999999999997
0,0,1,0,0,0,1,0,1,0,0,0,1,1,0,0,1,1,0,1,0,0,47.609999999999985
0,0,1,0,0,0,1,0,1,0,0,0,1,1,0,1,0,0,1,0,0,1,55.369999999999976
0,0,1,0,0,0,1,0,1,0,0,0,1,1,0,1,0,0,1,0,1,0,47.65999999999997
0,0,1,0,0,0,1,0,1,0,0,0,1,1,0,1,0,0,1,1,0,0,31.21999999999997
0,0,1,0,0,0,1,0,1,0,0,0,1,1,0,1,0,1,0,0,0,1,36.92999999999998
0,0,1,0,0,0,1,0,1,0,0,0,1,1,0,1,0,1,0,0,1,0,43.29999999999998
0,0,1,0,0,0,1,0,1,0,0,0,1,1,0,1,0,1,0,1,0,0,38.72999999999996
0,0,1,0,0,0,1,0,1,0,0,1,0,0,1,0,1,0,1,0,0,1,34.50999999999996
0,0,1,0,0,0,1,0,1,0,0,1,0,0,1,0,1,0,1,0,1,0,39.71999999999997
0,0,1,0,0,0,1,0,1,0,0,1,0,0,1,0,1,0,1,1,0,0,39.089999999999975
0,0,1,0,0,0,1,0,1,0,0,1,0,0,1,0,1,1,0,0,0,1,39.68999999999997
0,0,1,0,0,0,1,0,1,0,0,1,0,0,1,0,1,1,0,0,1,0,42.25999999999996
0,0,1,0,0,0,1,0,1,0,0,1,0,0,1,0,1,1,0,1,0,0,32.609999999999985
0,0,1,0,0,0,1,0,1,0,0,1,0,0,1,1,0,0,1,0,0,1,39.12999999999997
0,0,1,0,0,0,1,0,1,0,0,1,0,0,1,1,0,0,1,0,1,0,34.66999999999996
0,0,1,0,0,0,1,0,1,0,0,1,0,0,1,1,0,0,1,1,0,0,35.89999999999998
0,0,1,0,0,0,1,0,1,0,0,1,0,0,1,1,0,1,0,0,0,1,39.02999999999997
0,0,1,0,0,0,1,0,1,0,0,1,0,0,1,1,0,1,0,0,1,0,36.079999999999984
0,0,1,0,0,0,1,0,1,0,0,1,0,0,1,1,0,1,0,1,0,0,37.339999999999975
0,0,1,0,0,0,1,0,1,0,0,1,0,1,0,0,1,0,1,0,0,1,31.569999999999965
0,0,1,0,0,0,1,0,1,0,0,1,0,1,0,0,1,0,1,0,1,0,34.45999999999998
0,0,1,0,0,0,1,0,1,0,0,1,0,1,0,0,1,0,1,1,0,0,34.70999999999998
0,0,1,0,0,0,1,0,1,0,0,1,0,1,0,0,1,1,0,0,0,1,39.68999999999997
0,0,1,0,0,0,1,0,1,0,0,1,0,1,0,0,1,1,0,0,1,0,48.22999999999996
0,0,1,0,0,0,1,0,1,0,0,1,0,1,0,0,1,1,0,1,0,0,40.48999999999998
0,0,1,0,0,0,1,0,1,0,0,1,0,1,0,1,0,0,1,0,0,1,36.119999999999976
0,0,1,0,0,0,1,0,1,0,0,1,0,1,0,1,0,0,1,0,1,0,40.91999999999996
0,0,1,0,0,0,1,0,1,0,0,1,0,1,0,1,0,0,1,1,0,0,34.14999999999998
0,0,1,0,0,0,1,0,1,0,0,1,0,1,0,1,0,1,0,0,0,1,39.45999999999998
0,0,1,0,0,0,1,0,1,0,0,1,0,1,0,1,0,1,0,0,1,0,39.099999999999966
0,0,1,0,0,0,1,0,1,0,0,1,0,1,0,1,0,1,0,1,0,0,48.42999999999998
0,0,1,0,0,0,1,0,1,0,1,0,0,0,1,0,1,0,1,0,0,1,39.52999999999997
0,0,1,0,0,0,1,0,1,0,1,0,0,0,1,0,1,0,1,0,1,0,45.859999999999985
0,0,1,0,0,0,1,0,1,0,1,0,0,0,1,0,1,0,1,1,0,0,30.71999999999997
0,0,1,0,0,0,1,0,1,0,1,0,0,0,1,0,1,1,0,0,0,1,39.599999999999966
0,0,1,0,0,0,1,0,1,0,1,0,0,0,1,0,1,1,0,0,1,0,42.51999999999998
0,0,1,0,0,0,1,0,1,0,1,0,0,0,1,0,1,1,0,1,0,0,36.39999999999998
0,0,1,0,0,0,1,0,1,0,1,0,0,0,1,1,0,0,1,0,0,1,47.099999999999966
0,0,1,0,0,0,1,0,1,0,1,0,0,0,1,1,0,0,1,0,1,0,40.45999999999998
0,0,1,0,0,0,1,0,1,0,1,0,0,0,1,1,0,0,1,1,0,0,34.95999999999998
0,0,1,0,0,0,1,0,1,0,1,0,0,0,1,1,0,1,0,0,0,1,40.50999999999996
0,0,1,0,0,0,1,0,1,0,1,0,0,0,1,1,0,1,0,0,1,0,38.849999999999966
0,0,1,0,0,0,1,0,1,0,1,0,0,0,1,1,0,1,0,1,0,0,48.059999999999974
0,0,1,0,0,0,1,0,1,0,1,0,0,1,0,0,1,0,1,0,0,1,37.059999999999974
0,0,1,0,0,0,1,0,1,0,1,0,0,1,0,0,1,0,1,0,1,0,39.809999999999974
0,0,1,0,0,0,1,0,1,0,1,0,0,1,0,0,1,0,1,1,0,0,35.47999999999996
0,0,1,0,0,0,1,0,1,0,1,0,0,1,0,0,1,1,0,0,0,1,41.43999999999997
0,0,1,0,0,0,1,0,1,0,1,0,0,1,0,0,1,1,0,0,1,0,40.75999999999996
0,0,1,0,0,0,1,0,1,0,1,0,0,1,0,0,1,1,0,1,0,0,39.98999999999998
0,0,1,0,0,0,1,0,1,0,1,0,0,1,0,1,0,0,1,0,0,1,43.69999999999996
0,0,1,0,0,0,1,0,1,0,1,0,0,1,0,1,0,0,1,0,1,0,36.389999999999986
0,0,1,0,0,0,1,0,1,0,1,0,0,1,0,1,0,0,1,1,0,0,30.48999999999998
0,0,1,0,0,0,1,0,1,0,1,0,0,1,0,1,0,1,0,0,0,1,36.39999999999998
0,0,1,0,0,0,1,0,1,0,1,0,0,1,0,1,0,1,0,0,1,0,42.54999999999998
0,0,1,0,0,0,1,0,1,0,1,0,0,1,0,1,0,1,0,1,0,0,35.15999999999997
0,0,1,0,0,0,1,1,0,0,0,0,1,0,1,0,1,0,1,0,0,1,40.43999999999997
0,0,1,0,0,0,1,1,0,0,0,0,1,0,1,0,1,0,1,0,1,0,33.73999999999998
0,0,1,0,0,0,1,1,0,0,0,0,1,0,1,0,1,0,1,1,0,0,49.359999999999985
0,0,1,0,0,0,1,1,0,0,0,0,1,0,1,0,1,1,0,0,0,1,39.869999999999976
0,0,1,0,0,0,1,1,0,0,0,0,1,0,1,0,1,1,0,0,1,0,37.24999999999997
0,0,1,0,0,0,1,1,0,0,0,0,1,0,1,0,1,1,0,1,0,0,29.569999999999965
0,0,1,0,0,0,1,1,0,0,0,0,1,0,1,1,0,0,1,0,0,1,26.899999999999977
0,0,1,0,0,0,1,1,0,0,0,0,1,0,1,1,0,0,1,0,1,0,47.039999999999964
0,0,1,0,0,0,1,1,0,0,0,0,1,0,1,1,0,0,1,1,0,0,32.17999999999998
0,0,1,0,0,0,1,1,0,0,0,0,1,0,1,1,0,1,0,0,0,1,44.39999999999998
0,0,1,0,0,0,1,1,0,0,0,0,1,0,1,1,0,1,0,0,1,0,39.27999999999997
0,0,1,0,0,0,1,1,0,0,0,0,1,0,1,1,0,1,0,1,0,0,35.50999999999996
0,0,1,0,0,0,1,1,0,0,0,0,1,1,0,0,1,0,1,0,0,1,35.25999999999996
0,0,1,0,0,0,1,1,0,0,0,0,1,1,0,0,1,0,1,0,1,0,38.889999999999986
0,0,1,0,0,0,1,1,0,0,0,0,1,1,0,0,1,0,1,1,0,0,37.43999999999997
0,0,1,0,0,0,1,1,0,0,0,0,1,1,0,0,1,1,0,0,0,1,33.96999999999997
0,0,1,0,0,0,1,1,0,0,0,0,1,1,0,0,1,1,0,0,1,0,39.64999999999998
0,0,1,0,0,0,1,1,0,0,0,0,1,1,0,0,1,1,0,1,0,0,35.329999999999984
0,0,1,0,0,0,1,1,0,0,0,0,1,1,0,1,0,0,1,0,0,1,42.099999999999966
0,0,1,0,0,0,1,1,0,0,0,0,1,1,0,1,0,0,1,0,1,0,34.92999999999998
0,0,1,0,0,0,1,1,0,0,0,0,1,1,0,1,0,0,1,1,0,0,39.119999999999976
0,0,1,0,0,0,1,1,0,0,0,0,1,1,0,1,0,1,0,0,0,1,33.46999999999997
0,0,1,0,0,0,1,1,0,0,0,0,1,1,0,1,0,1,0,0,1,0,46.50999999999996
0,0,1,0,0,0,1,1,0,0,0,0,1,1,0,1,0,1,0,1,0,0,40.01999999999998
0,0,1,0,0,0,1,1,0,0,0,1,0,0,1,0,1,0,1,0,0,1,38.089999999999975
0,0,1,0,0,0,1,1,0,0,0,1,0,0,1,0,1,0,1,0,1,0,33.89999999999998
0,0,1,0,0,0,1,1,0,0,0,1,0,0,1,0,1,0,1,1,0,0,45.02999999999997
0,0,1,0,0,0,1,1,0,0,0,1,0,0,1,0,1,1,0,0,0,1,28.339999999999975
0,0,1,0,0,0,1,1,0,0,0,1,0,0,1,0,1,1,0,0,1,0,41.02999999999997
0,0,1,0,0,0,1,1,0,0,0,1,0,0,1,0,1,1,0,1,0,0,39.539999999999964
0,0,1,0,0,0,1,1,0,0,0,1,0,0,1,1,0,0,1,0,0,1,36.41999999999996
0,0,1,0,0,0,1,1,0,0,0,1,0,0,1,1,0,0,1,0,1,0,39.65999999999997
0,0,1,0,0,0,1,1,0,0,0,1,0,0,1,1,0,0,1,1,0,0,34.49999999999997
0,0,1,0,0,0,1,1,0,0,0,1,0,0,1,1,0,1,0,0,0,1,30.099999999999966
0,0,1,0,0,0,1,1,0,0,0,1,0,0,1,1,0,1,0,0,1,0,36.64999999999998
0,0,1,0,0,0,1,1,0,0,0,1,0,0,1,1,0,1,0,1,0,0,27.689999999999998
0,0,1,0,0,0,1,1,0,0,0,1,0,1,0,0,1,0,1,0,0,1,30.92999999999998
0,0,1,0,0,0,1,1,0,0,0,1,0,1,0,0,1,0,1,0,1,0,37.579999999999984
0,0,1,0,0,0,1,1,0,0,0,1,0,1,0,0,1,0,1,1,0,0,41.309999999999974
0,0,1,0,0,0,1,1,0,0,0,1,0,1,0,0,1,1,0,0,0,1,33.89999999999998
0,0,1,0,0,0,1,1,0,0,0,1,0,1,0,0,1,1,0,0,1,0,26.569999999999993
0,0,1,0,0,0,1,1,0,0,0,1,0,1,0,0,1,1,0,1,0,0,35.01999999999998
0,0,1,0,0,0,1,1,0,0,0,1,0,1,0,1,0,0,1,0,0,1,42.619999999999976
0,0,1,0,0,0,1,1,0,0,0,1,0,1,0,1,0,0,1,0,1,0,41.389999999999986
0,0,1,0,0,0,1,1,0,0,0,1,0,1,0,1,0,0,1,1,0,0,33.87999999999997
0,0,1,0,0,0,1,1,0,0,0,1,0,1,0,1,0,1,0,0,0,1,29.68999999999997
0,0,1,0,0,0,1,1,0,0,0,1,0,1,0,1,0,1,0,0,1,0,30.67999999999998
0,0,1,0,0,0,1,1,0,0,0,1,0,1,0,1,0,1,0,1,0,0,33.26999999999998
0,0,1,0,0,0,1,1,0,0,1,0,0,0,1,0,1,0,1,0,0,1,39.94999999999996
0,0,1,0,0,0,1,1,0,0,1,0,0,0,1,0,1,0,1,0,1,0,37.04999999999998
0,0,1,0,0,0,1,1,0,0,1,0,0,0,1,0,1,0,1,1,0,0,44.16999999999996
0,0,1,0,0,0,1,1,0,0,1,0,0,0,1,0,1,1,0,0,0,1,33.44999999999996
0,0,1,0,0,0,1,1,0,0,1,0,0,0,1,0,1,1,0,0,1,0,29.099999999999966
0,0,1,0,0,0,1,1,0,0,1,0,0,0,1,0,1,1,0,1,0,0,35.24999999999997
0,0,1,0,0,0,1,1,0,0,1,0,0,0,1,1,0,0,1,0,0,1,29.149999999999977
0,0,1,0,0,0,1,1,0,0,1,0,0,0,1,1,0,0,1,0,1,0,34.75999999999996
0,0,1,0,0,0,1,1,0,0,1,0,0,0,1,1,0,0,1,1,0,0,30.49999999999997
0,0,1,0,0,0,1,1,0,0,1,0,0,0,1,1,0,1,0,0,0,1,26.869999999999948
0,0,1,0,0,0,1,1,0,0,1,0,0,0,1,1,0,1,0,0,1,0,34.859999999999985
0,0,1,0,0,0,1,1,0,0,1,0,0,0,1,1,0,1,0,1,0,0,39.569999999999965
0,0,1,0,0,0,1,1,0,0,1,0,0,1,0,0,1,0,1,0,0,1,44.29999999999998
0,0,1,0,0,0,1,1,0,0,1,0,0,1,0,0,1,0,1,0,1,0,23.42999999999995
0,0,1,0,0,0,1,1,0,0,1,0,0,1,0,0,1,0,1,1,0,0,37.27999999999997
0,0,1,0,0,0,1,1,0,0,1,0,0,1,0,0,1,1,0,0,0,1,29.74999999999997
0,0,1,0,0,0,1,1,0,0,1,0,0,1,0,0,1,1,0,0,1,0,39.46999999999997
0,0,1,0,0,0,1,1,0,0,1,0,0,1,0,0,1,1,0,1,0,0,31.299999999999983
0,0,1,0,0,0,1,1,0,0,1,0,0,1,0,1,0,0,1,0,0,1,41.609999999999985
0,0,1,0,0,0,1,1,0,0,1,0,0,1,0,1,0,0,1,0,1,0,40.099999999999966
0,0,1,0,0,0,1,1,0,0,1,0,0,1,0,1,0,0,1,1,0,0,36.01999999999998
0,0,1,0,0,0,1,1,0,0,1,0,0,1,0,1,0,1,0,0,0,1,34.37999999999997
0,0,1,0,0,0,1,1,0,0,1,0,0,1,0,1,0,1,0,0,1,0,21.649999999999977
0,0,1,0,0,0,1,1,0,0,1,0,0,1,0,1,0,1,0,1,0,0,37.099999999999966
0,0,1,0,0,1,0,0,0,1,0,0,1,0,1,0,1,0,1,0,0,1,42.359999999999985
0,0,1,0,0,1,0,0,0,1,0,0,1,0,1,0,1,0,1,0,1,0,33.17999999999998
0,0,1,0,0,1,0,0,0,1,0,0,1,0,1,0,1,0,1,1,0,0,32.29999999999998
0,0,1,0,0,1,0,0,0,1,0,0,1,0,1,0,1,1,0,0,0,1,31.149999999999977
0,0,1,0,0,1,0,0,0,1,0,0,1,0,1,0,1,1,0,0,1,0,39.15999999999997
0,0,1,0,0,1,0,0,0,1,0,0,1,0,1,0,1,1,0,1,0,0,33.089999999999975
0,0,1,0,0,1,0,0,0,1,0,0,1,0,1,1,0,0,1,0,0,1,36.539999999999964
0,0,1,0,0,1,0,0,0,1,0,0,1,0,1,1,0,0,1,0,1,0,28.75
0,0,1,0,0,1,0,0,0,1,0,0,1,0,1,1,0,0,1,1,0,0,31.22999999999996
0,0,1,0,0,1,0,0,0,1,0,0,1,0,1,1,0,1,0,0,0,1,29.96999999999997
0,0,1,0,0,1,0,0,0,1,0,0,1,0,1,1,0,1,0,0,1,0,23.50999999999999
0,0,1,0,0,1,0,0,0,1,0,0,1,0,1,1,0,1,0,1,0,0,40.67999999999998
0,0,1,0,0,1,0,0,0,1,0,0,1,1,0,0,1,0,1,0,0,1,42.21999999999997
0,0,1,0,0,1,0,0,0,1,0,0,1,1,0,0,1,0,1,0,1,0,35.69999999999996
0,0,1,0,0,1,0,0,0,1,0,0,1,1,0,0,1,0,1,1,0,0,36.29999999999998
0,0,1,0,0,1,0,0,0,1,0,0,1,1,0,0,1,1,0,0,0,1,34.75999999999996
0,0,1,0,0,1,0,0,0,1,0,0,1,1,0,0,1,1,0,0,1,0,27.659999999999968
0,0,1,0,0,1,0,0,0,1,0,0,1,1,0,0,1,1,0,1,0,0,38.12999999999997
0,0,1,0,0,1,0,0,0,1,0,0,1,1,0,1,0,0,1,0,0,1,40.97999999999996
0,0,1,0,0,1,0,0,0,1,0,0,1,1,0,1,0,0,1,0,1,0,33.90999999999997
0,0,1,0,0,1,0,0,0,1,0,0,1,1,0,1,0,0,1,1,0,0,33.889999999999986
0,0,1,0,0,1,0,0,0,1,0,0,1,1,0,1,0,1,0,0,0,1,32.20999999999998
0,0,1,0,0,1,0,0,0,1,0,0,1,1,0,1,0,1,0,0,1,0,33.27999999999997
0,0,1,0,0,1,0,0,0,1,0,0,1,1,0,1,0,1,0,1,0,0,23.829999999999984
0,0,1,0,0,1,0,0,0,1,0,1,0,0,1,0,1,0,1,0,0,1,35.569999999999965
0,0,1,0,0,1,0,0,0,1,0,1,0,0,1,0,1,0,1,0,1,0,40.48999999999998
0,0,1,0,0,1,0,0,0,1,0,1,0,0,1,0,1,0,1,1,0,0,52.079999999999984
0,0,1,0,0,1,0,0,0,1,0,1,0,0,1,0,1,1,0,0,0,1,38.50999999999996
0,0,1,0,0,1,0,0,0,1,0,1,0,0,1,0,1,1,0,0,1,0,34.46999999999997
0,0,1,0,0,1,0,0,0,1,0,1,0,0,1,0,1,1,0,1,0,0,34.27999999999997
0,0,1,0,0,1,0,0,0,1,0,1,0,0,1,1,0,0,1,0,0,1,38.579999999999984
0,0,1,0,0,1,0,0,0,1,0,1,0,0,1,1,0,0,1,0,1,0,38.87999999999997
0,0,1,0,0,1,0,0,0,1,0,1,0,0,1,1,0,0,1,1,0,0,40.48999999999998
0,0,1,0,0,1,0,0,0,1,0,1,0,0,1,1,0,1,0,0,0,1,37.74999999999997
0,0,1,0,0,1,0,0,0,1,0,1,0,0,1,1,0,1,0,0,1,0,42.01999999999998
0,0,1,0,0,1,0,0,0,1,0,1,0,0,1,1,0,1,0,1,0,0,33.76999999999998
0,0,1,0,0,1,0,0,0,1,0,1,0,1,0,0,1,0,1,0,0,1,49.569999999999965
0,0,1,0,0,1,0,0,0,1,0,1,0,1,0,0,1,0,1,0,1,0,38.23999999999998
0,0,1,0,0,1,0,0,0,1,0,1,0,1,0,0,1,0,1,1,0,0,35.96999999999997
0,0,1,0,0,1,0,0,0,1,0,1,0,1,0,0,1,1,0,0,0,1,22.619999999999948
0,0,1,0,0,1,0,0,0,1,0,1,0,1,0,0,1,1,0,0,1,0,37.52999999999997
0,0,1,0,0,1,0,0,0,1,0,1,0,1,0,0,1,1,0,1,0,0,46.29999999999998
0,0,1,0,0,1,0,0,0,1,0,1,0,1,0,1,0,0,1,0,0,1,38.67999999999998
0,0,1,0,0,1,0,0,0,1,0,1,0,1,0,1,0,0,1,0,1,0,40.76999999999998
0,0,1,0,0,1,0,0,0,1,0,1,0,1,0,1,0,0,1,1,0,0,30.309999999999974
0,0,1,0,0,1,0,0,0,1,0,1,0,1,0,1,0,1,0,0,0,1,36.23999999999998
0,0,1,0,0,1,0,0,0,1,0,1,0,1,0,1,0,1,0,0,1,0,29.619999999999976
0,0,1,0,0,1,0,0,0,1,0,1,0,1,0,1,0,1,0,1,0,0,43.319999999999965
0,0,1,0,0,1,0,0,0,1,1,0,0,0,1,0,1,0,1,0,0,1,39.90999999999997
0,0,1,0,0,1,0,0,0,1,1,0,0,0,1,0,1,0,1,0,1,0,28.45999999999998
0,0,1,0,0,1,0,0,0,1,1,0,0,0,1,0,1,0,1,1,0,0,36.889999999999986
0,0,1,0,0,1,0,0,0,1,1,0,0,0,1,0,1,1,0,0,0,1,44.889999999999986
0,0,1,0,0,1,0,0,0,1,1,0,0,0,1,0,1,1,0,0,1,0,28.069999999999993
0,0,1,0,0,1,0,0,0,1,1,0,0,0,1,0,1,1,0,1,0,0,36.73999999999998
0,0,1,0,0,1,0,0,0,1,1,0,0,0,1,1,0,0,1,0,0,1,32.15999999999997
0,0,1,0,0,1,0,0,0,1,1,0,0,0,1,1,0,0,1,0,1,0,31.45999999999998
0,0,1,0,0,1,0,0,0,1,1,0,0,0,1,1,0,0,1,1,0,0,40.329999999999984
0,0,1,0,0,1,0,0,0,1,1,0,0,0,1,1,0,1,0,0,0,1,22.319999999999993
0,0,1,0,0,1,0,0,0,1,1,0,0,0,1,1,0,1,0,0,1,0,35.25999999999996
0,0,1,0,0,1,0,0,0,1,1,0,0,0,1,1,0,1,0,1,0,0,38.42999999999998
0,0,1,0,0,1,0,0,0,1,1,0,0,1,0,0,1,0,1,0,0,1,38.89999999999998
0,0,1,0,0,1,0,0,0,1,1,0,0,1,0,0,1,0,1,0,1,0,34.569999999999965
0,0,1,0,0,1,0,0,0,1,1,0,0,1,0,0,1,0,1,1,0,0,29.319999999999965
0,0,1,0,0,1,0,0,0,1,1,0,0,1,0,0,1,1,0,0,0,1,42.20999999999998
0,0,1,0,0,1,0,0,0,1,1,0,0,1,0,0,1,1,0,0,1,0,30.389999999999986
0,0,1,0,0,1,0,0,0,1,1,0,0,1,0,0,1,1,0,1,0,0,36.369999999999976
0,0,1,0,0,1,0,0,0,1,1,0,0,1,0,1,0,0,1,0,0,1,33.91999999999996
0,0,1,0,0,1,0,0,0,1,1,0,0,1,0,1,0,0,1,0,1,0,36.68999999999997
0,0,1,0,0,1,0,0,0,1,1,0,0,1,0,1,0,0,1,1,0,0,37.95999999999998
0,0,1,0,0,1,0,0,0,1,1,0,0,1,0,1,0,1,0,0,0,1,35.98999999999998
0,0,1,0,0,1,0,0,0,1,1,0,0,1,0,1,0,1,0,0,1,0,38.45999999999998
0,0,1,0,0,1,0,0,0,1,1,0,0,1,0,1,0,1,0,1,0,0,21.5
0,0,1,0,0,1,0,0,1,0,0,0,1,0,1,0,1,0,1,0,0,1,30.609999999999985
0,0,1,0,0,1,0,0,1,0,0,0,1,0,1,0,1,0,1,0,1,0,30.059999999999974
0,0,1,0,0,1,0,0,1,0,0,0,1,0,1,0,1,0,1,1,0,0,33.94999999999996
0,0,1,0,0,1,0,0,1,0,0,0,1,0,1,0,1,1,0,0,0,1,42.74999999999997
0,0,1,0,0,1,0,0,1,0,0,0,1,0,1,0,1,1,0,0,1,0,34.67999999999998
0,0,1,0,0,1,0,0,1,0,0,0,1,0,1,0,1,1,0,1,0,0,35.119999999999976
0,0,1,0,0,1,0,0,1,0,0,0,1,0,1,1,0,0,1,0,0,1,32.49999999999997
0,0,1,0,0,1,0,0,1,0,0,0,1,0,1,1,0,0,1,0,1,0,40.42999999999998
0,0,1,0,0,1,0,0,1,0,0,0,1,0,1,1,0,0,1,1,0,0,34.71999999999997
0,0,1,0,0,1,0,0,1,0,0,0,1,0,1,1,0,1,0,0,0,1,45.52999999999997
0,0,1,0,0,1,0,0,1,0,0,0,1,0,1,1,0,1,0,0,1,0,40.809999999999974
0,0,1,0,0,1,0,0,1,0,0,0,1,0,1,1,0,1,0,1,0,0,35.369999999999976
0,0,1,0,0,1,0,0,1,0,0,0,1,1,0,0,1,0,1,0,0,1,32.90999999999997
0,0,1,0,0,1,0,0,1,0,0,0,1,1,0,0,1,0,1,0,1,0,29.889999999999986
0,0,1,0,0,1,0,0,1,0,0,0,1,1,0,0,1,0,1,1,0,0,43.71999999999997
0,0,1,0,0,1,0,0,1,0,0,0,1,1,0,0,1,1,0,0,0,1,40.77999999999997
0,0,1,0,0,1,0,0,1,0,0,0,1,1,0,0,1,1,0,0,1,0,34.829999999999984
0,0,1,0,0,1,0,0,1,0,0,0,1,1,0,0,1,1,0,1,0,0,30.66999999999996
0,0,1,0,0,1,0,0,1,0,0,0,1,1,0,1,0,0,1,0,0,1,39.059999999999974
0,0,1,0,0,1,0,0,1,0,0,0,1,1,0,1,0,0,1,0,1,0,34.79999999999998
0,0,1,0,0,1,0,0,1,0,0,0,1,1,0,1,0,0,1,1,0,0,40.579999999999984
0,0,1,0,0,1,0,0,1,0,0,0,1,1,0,1,0,1,0,0,0,1,41.309999999999974
0,0,1,0,0,1,0,0,1,0,0,0,1,1,0,1,0,1,0,0,1,0,38.49999999999997
0,0,1,0,0,1,0,0,1,0,0,0,1,1,0,1,0,1,0,1,0,0,36.599999999999966
0,0,1,0,0,1,0,0,1,0,0,1,0,0,1,0,1,0,1,0,0,1,35.609999999999985
0,0,1,0,0,1,0,0,1,0,0,1,0,0,1,0,1,0,1,0,1,0,41.139999999999986
0,0,1,0,0,1,0,0,1,0,0,1,0,0,1,0,1,0,1,1,0,0,34.27999999999997
0,0,1,0,0,1,0,0,1,0,0,1,0,0,1,0,1,1,0,0,0,1,31.879999999999967
0,0,1,0,0,1,0,0,1,0,0,1,0,0,1,0,1,1,0,0,1,0,34.859999999999985
0,0,1,0,0,1,0,0,1,0,0,1,0,0,1,0,1,1,0,1,0,0,46.97999999999996
0,0,1,0,0,1,0,0,1,0,0,1,0,0,1,1,0,0,1,0,0,1,42.79999999999998
0,0,1,0,0,1,0,0,1,0,0,1,0,0,1,1,0,0,1,0,1,0,33.99999999999997
0,0,1,0,0,1,0,0,1,0,0,1,0,0,1,1,0,0,1,1,0,0,35.65999999999997
0,0,1,0,0,1,0,0,1,0,0,1,0,0,1,1,0,1,0,0,0,1,29.129999999999967
0,0,1,0,0,1,0,0,1,0,0,1,0,0,1,1,0,1,0,0,1,0,41.20999999999998
0,0,1,0,0,1,0,0,1,0,0,1,0,0,1,1,0,1,0,1,0,0,39.619999999999976
0,0,1,0,0,1,0,0,1,0,0,1,0,1,0,0,1,0,1,0,0,1,38.98999999999998
0,0,1,0,0,1,0,0,1,0,0,1,0,1,0,0,1,0,1,0,1,0,40.54999999999998
0,0,1,0,0,1,0,0,1,0,0,1,0,1,0,0,1,0,1,1,0,0,39.289999999999964
0,0,1,0,0,1,0,0,1,0,0,1,0,1,0,0,1,1,0,0,0,1,30.819999999999965
0,0,1,0,0,1,0,0,1,0,0,1,0,1,0,0,1,1,0,0,1,0,33.47999999999996
0,0,1,0,0,1,0,0,1,0,0,1,0,1,0,0,1,1,0,1,0,0,33.809999999999974
0,0,1,0,0,1,0,0,1,0,0,1,0,1,0,1,0,0,1,0,0,1,29.049999999999983
0,0,1,0,0,1,0,0,1,0,0,1,0,1,0,1,0,0,1,0,1,0,31.359999999999985
0,0,1,0,0,1,0,0,1,0,0,1,0,1,0,1,0,0,1,1,0,0,43.119999999999976
0,0,1,0,0,1,0,0,1,0,0,1,0,1,0,1,0,1,0,0,0,1,34.00999999999996
0,0,1,0,0,1,0,0,1,0,0,1,0,1,0,1,0,1,0,0,1,0,34.809999999999974
0,0,1,0,0,1,0,0,1,0,0,1,0,1,0,1,0,1,0,1,0,0,39.20999999999998
0,0,1,0,0,1,0,0,1,0,1,0,0,0,1,0,1,0,1,0,0,1,31.19999999999996
0,0,1,0,0,1,0,0,1,0,1,0,0,0,1,0,1,0,1,0,1,0,38.00999999999996
0,0,1,0,0,1,0,0,1,0,1,0,0,0,1,0,1,0,1,1,0,0,39.109999999999985
0,0,1,0,0,1,0,0,1,0,1,0,0,0,1,0,1,1,0,0,0,1,39.789999999999964
0,0,1,0,0,1,0,0,1,0,1,0,0,0,1,0,1,1,0,0,1,0,42.02999999999997
0,0,1,0,0,1,0,0,1,0,1,0,0,0,1,0,1,1,0,1,0,0,39.69999999999996
0,0,1,0,0,1,0,0,1,0,1,0,0,0,1,1,0,0,1,0,0,1,34.829999999999984
0,0,1,0,0,1,0,0,1,0,1,0,0,0,1,1,0,0,1,0,1,0,27.91999999999996
0,0,1,0,0,1,0,0,1,0,1,0,0,0,1,1,0,0,1,1,0,0,46.51999999999998
0,0,1,0,0,1,0,0,1,0,1,0,0,0,1,1,0,1,0,0,0,1,27.029999999999973
0,0,1,0,0,1,0,0,1,0,1,0,0,0,1,1,0,1,0,0,1,0,29.019999999999982
0,0,1,0,0,1,0,0,1,0,1,0,0,0,1,1,0,1,0,1,0,0,43.539999999999964
0,0,1,0,0,1,0,0,1,0,1,0,0,1,0,0,1,0,1,0,0,1,32.79999999999998
0,0,1,0,0,1,0,0,1,0,1,0,0,1,0,0,1,0,1,0,1,0,42.309999999999974
0,0,1,0,0,1,0,0,1,0,1,0,0,1,0,0,1,0,1,1,0,0,30.68999999999997
0,0,1,0,0,1,0,0,1,0,1,0,0,1,0,0,1,1,0,0,0,1,47.859999999999985
0,0,1,0,0,1,0,0,1,0,1,0,0,1,0,0,1,1,0,0,1,0,32.21999999999997
0,0,1,0,0,1,0,0,1,0,1,0,0,1,0,0,1,1,0,1,0,0,33.87999999999997
0,0,1,0,0,1,0,0,1,0,1,0,0,1,0,1,0,0,1,0,0,1,40.21999999999997
0,0,1,0,0,1,0,0,1,0,1,0,0,1,0,1,0,0,1,0,1,0,35.099999999999966
0,0,1,0,0,1,0,0,1,0,1,0,0,1,0,1,0,0,1,1,0,0,29.839999999999975
0,0,1,0,0,1,0,0,1,0,1,0,0,1,0,1,0,1,0,0,0,1,23.609999999999957
0,0,1,0,0,1,0,0,1,0,1,0,0,1,0,1,0,1,0,0,1,0,42.74999999999997
0,0,1,0,0,1,0,0,1,0,1,0,0,1,0,1,0,1,0,1,0,0,34.12999999999997
0,0,1,0,0,1,0,1,0,0,0,0,1,0,1,0,1,0,1,0,0,1,29.839999999999975
0,0,1,0,0,1,0,1,0,0,0,0,1,0,1,0,1,0,1,0,1,0,36.579999999999984
0,0,1,0,0,1,0,1,0,0,0,0,1,0,1,0,1,0,1,1,0,0,37.309999999999974
0,0,1,0,0,1,0,1,0,0,0,0,1,0,1,0,1,1,0,0,0,1,42.20999999999998
0,0,1,0,0,1,0,1,0,0,0,0,1,0,1,0,1,1,0,0,1,0,40.859999999999985
0,0,1,0,0,1,0,1,0,0,0,0,1,0,1,0,1,1,0,1,0,0,31.889999999999986
0,0,1,0,0,1,0,1,0,0,0,0,1,0,1,1,0,0,1,0,0,1,43.76999999999998
0,0,1,0,0,1,0,1,0,0,0,0,1,0,1,1,0,0,1,0,1,0,30.399999999999977
0,0,1,0,0,1,0,1,0,0,0,0,1,0,1,1,0,0,1,1,0,0,36.319999999999965
0,0,1,0,0,1,0,1,0,0,0,0,1,0,1,1,0,1,0,0,0,1,35.359999999999985
0,0,1,0,0,1,0,1,0,0,0,0,1,0,1,1,0,1,0,0,1,0,29.329999999999984
0,0,1,0,0,1,0,1,0,0,0,0,1,0,1,1,0,1,0,1,0,0,33.119999999999976
0,0,1,0,0,1,0,1,0,0,0,0,1,1,0,0,1,0,1,0,0,1,25.349999999999966
0,0,1,0,0,1,0,1,0,0,0,0,1,1,0,0,1,0,1,0,1,0,43.21999999999997
0,0,1,0,0,1,0,1,0,0,0,0,1,1,0,0,1,0,1,1,0,0,35.91999999999996
0,0,1,0,0,1,0,1,0,0,0,0,1,1,0,0,1,1,0,0,0,1,42.50999999999996
0,0,1,0,0,1,0,1,0,0,0,0,1,1,0,0,1,1,0,0,1,0,33.42999999999998
0,0,1,0,0,1,0,1,0,0,0,0,1,1,0,0,1,1,0,1,0,0,42.65999999999997
0,0,1,0,0,1,0,1,0,0,0,0,1,1,0,1,0,0,1,0,0,1,48.98999999999998
0,0,1,0,0,1,0,1,0,0,0,0,1,1,0,1,0,0,1,0,1,0,34.609999999999985
0,0,1,0,0,1,0,1,0,0,0,0,1,1,0,1,0,0,1,1,0,0,41.359999999999985
0,0,1,0,0,1,0,1,0,0,0,0,1,1,0,1,0,1,0,0,0,1,33.42999999999998
0,0,1,0,0,1,0,1,0,0,0,0,1,1,0,1,0,1,0,0,1,0,39.819999999999965
0,0,1,0,0,1,0,1,0,0,0,0,1,1,0,1,0,1,0,1,0,0,34.579999999999984
0,0,1,0,0,1,0,1,0,0,0,1,0,0,1,0,1,0,1,0,0,1,39.37999999999997
0,0,1,0,0,1,0,1,0,0,0,1,0,0,1,0,1,0,1,0,1,0,38.289999999999964
0,0,1,0,0,1,0,1,0,0,0,1,0,0,1,0,1,0,1,1,0,0,27.19999999999999
0,0,1,0,0,1,0,1,0,0,0,1,0,0,1,0,1,1,0,0,0,1,35.99999999999997
0,0,1,0,0,1,0,1,0,0,0,1,0,0,1,0,1,1,0,0,1,0,40.24999999999997
0,0,1,0,0,1,0,1,0,0,0,1,0,0,1,0,1,1,0,1,0,0,46.359999999999985
0,0,1,0,0,1,0,1,0,0,0,1,0,0,1,1,0,0,1,0,0,1,38.69999999999996
0,0,1,0,0,1,0,1,0,0,0,1,0,0,1,1,0,0,1,0,1,0,34.579999999999984
0,0,1,0,0,1,0,1,0,0,0,1,0,0,1,1,0,0,1,1,0,0,41.059999999999974
0,0,1,0,0,1,0,1,0,0,0,1,0,0,1,1,0,1,0,0,0,1,34.49999999999997
0,0,1,0,0,1,0,1,0,0,0,1,0,0,1,1,0,1,0,0,1,0,44.589999999999975
0,0,1,0,0,1,0,1,0,0,0,1,0,0,1,1,0,1,0,1,0,0,41.27999999999997
0,0,1,0,0,1,0,1,0,0,0,1,0,1,0,0,1,0,1,0,0,1,33.89999999999998
0,0,1,0,0,1,0,1,0,0,0,1,0,1,0,0,1,0,1,0,1,0,32.059999999999974
0,0,1,0,0,1,0,1,0,0,0,1,0,1,0,0,1,0,1,1,0,0,29.67999999999998
0,0,1,0,0,1,0,1,0,0,0,1,0,1,0,0,1,1,0,0,0,1,33.54999999999998
0,0,1,0,0,1,0,1,0,0,0,1,0,1,0,0,1,1,0,0,1,0,34.64999999999998
0,0,1,0,0,1,0,1,0,0,0,1,0,1,0,0,1,1,0,1,0,0,31.48999999999998
0,0,1,0,0,1,0,1,0,0,0,1,0,1,0,1,0,0,1,0,0,1,40.37999999999997
0,0,1,0,0,1,0,1,0,0,0,1,0,1,0,1,0,0,1,0,1,0,37.92999999999998
0,0,1,0,0,1,0,1,0,0,0,1,0,1,0,1,0,0,1,1,0,0,36.48999999999998
0,0,1,0,0,1,0,1,0,0,0,1,0,1,0,1,0,1,0,0,0,1,26.71999999999997
0,0,1,0,0,1,0,1,0,0,0,1,0,1,0,1,0,1,0,0,1,0,52.39999999999998
0,0,1,0,0,1,0,1,0,0,0,1,0,1,0,1,0,1,0,1,0,0,37.92999999999998
0,0,1,0,0,1,0,1,0,0,1,0,0,0,1,0,1,0,1,0,0,1,40.62999999999997
0,0,1,0,0,1,0,1,0,0,1,0,0,0,1,0,1,0,1,0,1,0,41.789999999999964
0,0,1,0,0,1,0,1,0,0,1,0,0,0,1,0,1,0,1,1,0,0,43.24999999999997
0,0,1,0,0,1,0,1,0,0,1,0,0,0,1,0,1,1,0,0,0,1,34.579999999999984
0,0,1,0,0,1,0,1,0,0,1,0,0,0,1,0,1,1,0,0,1,0,26.819999999999993
0,0,1,0,0,1,0,1,0,0,1,0,0,0,1,0,1,1,0,1,0,0,38.93999999999997
0,0,1,0,0,1,0,1,0,0,1,0,0,0,1,1,0,0,1,0,0,1,36.77999999999997
0,0,1,0,0,1,0,1,0,0,1,0,0,0,1,1,0,0,1,0,1,0,37.01999999999998
0,0,1,0,0,1,0,1,0,0,1,0,0,0,1,1,0,0,1,1,0,0,37.559999999999974
0,0,1,0,0,1,0,1,0,0,1,0,0,0,1,1,0,1,0,0,0,1,28.409999999999968
0,0,1,0,0,1,0,1,0,0,1,0,0,0,1,1,0,1,0,0,1,0,35.359999999999985
0,0,1,0,0,1,0,1,0,0,1,0,0,0,1,1,0,1,0,1,0,0,53.869999999999976
0,0,1,0,0,1,0,1,0,0,1,0,0,1,0,0,1,0,1,0,0,1,34.65999999999997
0,0,1,0,0,1,0,1,0,0,1,0,0,1,0,0,1,0,1,0,1,0,35.21999999999997
0,0,1,0,0,1,0,1,0,0,1,0,0,1,0,0,1,0,1,1,0,0,32.54999999999998
0,0,1,0,0,1,0,1,0,0,1,0,0,1,0,0,1,1,0,0,0,1,36.15999999999997
0,0,1,0,0,1,0,1,0,0,1,0,0,1,0,0,1,1,0,0,1,0,38.19999999999996
0,0,1,0,0,1,0,1,0,0,1,0,0,1,0,0,1,1,0,1,0,0,39.91999999999996
0,0,1,0,0,1,0,1,0,0,1,0,0,1,0,1,0,0,1,0,0,1,47.25999999999996
0,0,1,0,0,1,0,1,0,0,1,0,0,1,0,1,0,0,1,0,1,0,30.96999999999997
0,0,1,0,0,1,0,1,0,0,1,0,0,1,0,1,0,0,1,1,0,0,32.47999999999996
0,0,1,0,0,1,0,1,0,0,1,0,0,1,0,1,0,1,0,0,0,1,31.099999999999966
0,0,1,0,0,1,0,1,0,0,1,0,0,1,0,1,0,1,0,0,1,0,35.569999999999965
0,0,1,0,0,1,0,1,0,0,1,0,0,1,0,1,0,1,0,1,0,0,45.48999999999998
0,0,1,0,1,0,0,0,0,1,0,0,1,0,1,0,1,0,1,0,0,1,34.74999999999997
0,0,1,0,1,0,0,0,0,1,0,0,1,0,1,0,1,0,1,0,1,0,44.609999999999985
0,0,1,0,1,0,0,0,0,1,0,0,1,0,1,0,1,0,1,1,0,0,34.17999999999998
0,0,1,0,1,0,0,0,0,1,0,0,1,0,1,0,1,1,0,0,0,1,30.529999999999973
0,0,1,0,1,0,0,0,0,1,0,0,1,0,1,0,1,1,0,0,1,0,33.98999999999998
0,0,1,0,1,0,0,0,0,1,0,0,1,0,1,0,1,1,0,1,0,0,21.879999999999995
0,0,1,0,1,0,0,0,0,1,0,0,1,0,1,1,0,0,1,0,0,1,29.789999999999964
0,0,1,0,1,0,0,0,0,1,0,0,1,0,1,1,0,0,1,0,1,0,31.109999999999985
0,0,1,0,1,0,0,0,0,1,0,0,1,0,1,1,0,0,1,1,0,0,38.39999999999998
0,0,1,0,1,0,0,0,0,1,0,0,1,0,1,1,0,1,0,0,0,1,36.98999999999998
0,0,1,0,1,0,0,0,0,1,0,0,1,0,1,1,0,1,0,0,1,0,29.389999999999986
0,0,1,0,1,0,0,0,0,1,0,0,1,0,1,1,0,1,0,1,0,0,39.66999999999996
0,0,1,0,1,0,0,0,0,1,0,0,1,1,0,0,1,0,1,0,0,1,28.609999999999957
0,0,1,0,1,0,0,0,0,1,0,0,1,1,0,0,1,0,1,0,1,0,36.089999999999975
0,0,1,0,1,0,0,0,0,1,0,0,1,1,0,0,1,0,1,1,0,0,41.73999999999998
0,0,1,0,1,0,0,0,0,1,0,0,1,1,0,0,1,1,0,0,0,1,29.18999999999997
0,0,1,0,1,0,0,0,0,1,0,0,1,1,0,0,1,1,0,0,1,0,37.579999999999984
0,0,1,0,1,0,0,0,0,1,0,0,1,1,0,0,1,1,0,1,0,0,33.66999999999996
0,0,1,0,1,0,0,0,0,1,0,0,1,1,0,1,0,0,1,0,0,1,40.119999999999976
0,0,1,0,1,0,0,0,0,1,0,0,1,1,0,1,0,0,1,0,1,0,37.52999999999997
0,0,1,0,1,0,0,0,0,1,0,0,1,1,0,1,0,0,1,1,0,0,26.119999999999948
0,0,1,0,1,0,0,0,0,1,0,0,1,1,0,1,0,1,0,0,0,1,33.44999999999996
0,0,1,0,1,0,0,0,0,1,0,0,1,1,0,1,0,1,0,0,1,0,35.869999999999976
0,0,1,0,1,0,0,0,0,1,0,0,1,1,0,1,0,1,0,1,0,0,42.89999999999998
0,0,1,0,1,0,0,0,0,1,0,1,0,0,1,0,1,0,1,0,0,1,34.73999999999998
0,0,1,0,1,0,0,0,0,1,0,1,0,0,1,0,1,0,1,0,1,0,27.079999999999984
0,0,1,0,1,0,0,0,0,1,0,1,0,0,1,0,1,0,1,1,0,0,32.43999999999997
0,0,1,0,1,0,0,0,0,1,0,1,0,0,1,0,1,1,0,0,0,1,44.41999999999996
0,0,1,0,1,0,0,0,0,1,0,1,0,0,1,0,1,1,0,0,1,0,43.50999999999996
0,0,1,0,1,0,0,0,0,1,0,1,0,0,1,0,1,1,0,1,0,0,34.559999999999974
0,0,1,0,1,0,0,0,0,1,0,1,0,0,1,1,0,0,1,0,0,1,21.149999999999977
0,0,1,0,1,0,0,0,0,1,0,1,0,0,1,1,0,0,1,0,1,0,36.04999999999998
0,0,1,0,1,0,0,0,0,1,0,1,0,0,1,1,0,0,1,1,0,0,32.089999999999975
0,0,1,0,1,0,0,0,0,1,0,1,0,0,1,1,0,1,0,0,0,1,44.73999999999998
0,0,1,0,1,0,0,0,0,1,0,1,0,0,1,1,0,1,0,0,1,0,30.069999999999965
0,0,1,0,1,0,0,0,0,1,0,1,0,0,1,1,0,1,0,1,0,0,41.46999999999997
0,0,1,0,1,0,0,0,0,1,0,1,0,1,0,0,1,0,1,0,0,1,32.62999999999997
0,0,1,0,1,0,0,0,0,1,0,1,0,1,0,0,1,0,1,0,1,0,33.41999999999996
0,0,1,0,1,0,0,0,0,1,0,1,0,1,0,0,1,0,1,1,0,0,30.66999999999996
0,0,1,0,1,0,0,0,0,1,0,1,0,1,0,0,1,1,0,0,0,1,33.51999999999998
0,0,1,0,1,0,0,0,0,1,0,1,0,1,0,0,1,1,0,0,1,0,39.76999999999998
0,0,1,0,1,0,0,0,0,1,0,1,0,1,0,0,1,1,0,1,0,0,38.609999999999985
0,0,1,0,1,0,0,0,0,1,0,1,0,1,0,1,0,0,1,0,0,1,36.44999999999996
0,0,1,0,1,0,0,0,0,1,0,1,0,1,0,1,0,0,1,0,1,0,38.95999999999998
0,0,1,0,1,0,0,0,0,1,0,1,0,1,0,1,0,0,1,1,0,0,32.48999999999998
0,0,1,0,1,0,0,0,0,1,0,1,0,1,0,1,0,1,0,0,0,1,39.97999999999996
0,0,1,0,1,0,0,0,0,1,0,1,0,1,0,1,0,1,0,0,1,0,36.619999999999976
0,0,1,0,1,0,0,0,0,1,0,1,0,1,0,1,0,1,0,1,0,0,43.00999999999996
0,0,1,0,1,0,0,0,0,1,1,0,0,0,1,0,1,0,1,0,0,1,41.17999999999998
0,0,1,0,1,0,0,0,0,1,1,0,0,0,1,0,1,0,1,0,1,0,31.759999999999962
0,0,1,0,1,0,0,0,0,1,1,0,0,0,1,0,1,0,1,1,0,0,37.609999999999985
0,0,1,0,1,0,0,0,0,1,1,0,0,0,1,0,1,1,0,0,0,1,33.19999999999996
0,0,1,0,1,0,0,0,0,1,1,0,0,0,1,0,1,1,0,0,1,0,36.47999999999996
0,0,1,0,1,0,0,0,0,1,1,0,0,0,1,0,1,1,0,1,0,0,33.099999999999966
0,0,1,0,1,0,0,0,0,1,1,0,0,0,1,1,0,0,1,0,0,1,35.19999999999996
0,0,1,0,1,0,0,0,0,1,1,0,0,0,1,1,0,0,1,0,1,0,31.339999999999975
0,0,1,0,1,0,0,0,0,1,1,0,0,0,1,1,0,0,1,1,0,0,29.349999999999966
0,0,1,0,1,0,0,0,0,1,1,0,0,0,1,1,0,1,0,0,0,1,39.20999999999998
0,0,1,0,1,0,0,0,0,1,1,0,0,0,1,1,0,1,0,0,1,0,40.16999999999996
0,0,1,0,1,0,0,0,0,1,1,0,0,0,1,1,0,1,0,1,0,0,37.619999999999976
0,0,1,0,1,0,0,0,0,1,1,0,0,1,0,0,1,0,1,0,0,1,42.04999999999998
0,0,1,0,1,0,0,0,0,1,1,0,0,1,0,0,1,0,1,0,1,0,30.639999999999986
0,0,1,0,1,0,0,0,0,1,1,0,0,1,0,0,1,0,1,1,0,0,46.47999999999996
0,0,1,0,1,0,0,0,0,1,1,0,0,1,0,0,1,1,0,0,0,1,38.619999999999976
0,0,1,0,1,0,0,0,0,1,1,0,0,1,0,0,1,1,0,0,1,0,35.859999999999985
0,0,1,0,1,0,0,0,0,1,1,0,0,1,0,0,1,1,0,1,0,0,36.369999999999976
0,0,1,0,1,0,0,0,0,1,1,0,0,1,0,1,0,0,1,0,0,1,33.329999999999984
0,0,1,0,1,0,0,0,0,1,1,0,0,1,0,1,0,0,1,0,1,0,35.359999999999985
0,0,1,0,1,0,0,0,0,1,1,0,0,1,0,1,0,0,1,1,0,0,38.95999999999998
0,0,1,0,1,0,0,0,0,1,1,0,0,1,0,1,0,1,0,0,0,1,40.69999999999996
0,0,1,0,1,0,0,0,0,1,1,0,0,1,0,1,0,1,0,0,1,0,32.23999999999998
0,0,1,0,1,0,0,0,0,1,1,0,0,1,0,1,0,1,0,1,0,0,19.489999999999952
0,0,1,0,1,0,0,0,1,0,0,0,1,0,1,0,1,0,1,0,0,1,40.46999999999997
0,0,1,0,1,0,0,0,1,0,0,0,1,0,1,0,1,0,1,0,1,0,35.859999999999985
0,0,1,0,1,0,0,0,1,0,0,0,1,0,1,0,1,0,1,1,0,0,41.12999999999997
0,0,1,0,1,0,0,0,1,0,0,0,1,0,1,0,1,1,0,0,0,1,34.92999999999998
0,0,1,0,1,0,0,0,1,0,0,0,1,0,1,0,1,1,0,0,1,0,28.5
0,0,1,0,1,0,0,0,1,0,0,0,1,0,1,0,1,1,0,1,0,0,37.559999999999974
0,0,1,0,1,0,0,0,1,0,0,0,1,0,1,1,0,0,1,0,0,1,35.389999999999986
0,0,1,0,1,0,0,0,1,0,0,0,1,0,1,1,0,0,1,0,1,0,34.62999999999997
0,0,1,0,1,0,0,0,1,0,0,0,1,0,1,1,0,0,1,1,0,0,31.559999999999974
0,0,1,0,1,0,0,0,1,0,0,0,1,0,1,1,0,1,0,0,0,1,36.73999999999998
0,0,1,0,1,0,0,0,1,0,0,0,1,0,1,1,0,1,0,0,1,0,36.369999999999976
0,0,1,0,1,0,0,0,1,0,0,0,1,0,1,1,0,1,0,1,0,0,41.579999999999984
0,0,1,0,1,0,0,0,1,0,0,0,1,1,0,0,1,0,1,0,0,1,40.16999999999996
0,0,1,0,1,0,0,0,1,0,0,0,1,1,0,0,1,0,1,0,1,0,38.93999999999997
0,0,1,0,1,0,0,0,1,0,0,0,1,1,0,0,1,0,1,1,0,0,17.72999999999996
0,0,1,0,1,0,0,0,1,0,0,0,1,1,0,0,1,1,0,0,0,1,28.399999999999977
0,0,1,0,1,0,0,0,1,0,0,0,1,1,0,0,1,1,0,0,1,0,28.769999999999982
0,0,1,0,1,0,0,0,1,0,0,0,1,1,0,0,1,1,0,1,0,0,33.37999999999997
0,0,1,0,1,0,0,0,1,0,0,0,1,1,0,1,0,0,1,0,0,1,36.859999999999985
0,0,1,0,1,0,0,0,1,0,0,0,1,1,0,1,0,0,1,0,1,0,36.47999999999996
0,0,1,0,1,0,0,0,1,0,0,0,1,1,0,1,0,0,1,1,0,0,23.649999999999977
0,0,1,0,1,0,0,0,1,0,0,0,1,1,0,1,0,1,0,0,0,1,35.50999999999996
0,0,1,0,1,0,0,0,1,0,0,0,1,1,0,1,0,1,0,0,1,0,34.039999999999964
0,0,1,0,1,0,0,0,1,0,0,0,1,1,0,1,0,1,0,1,0,0,33.46999999999997
0,0,1,0,1,0,0,0,1,0,0,1,0,0,1,0,1,0,1,0,0,1,43.089999999999975
0,0,1,0,1,0,0,0,1,0,0,1,0,0,1,0,1,0,1,0,1,0,33.62999999999997
0,0,1,0,1,0,0,0,1,0,0,1,0,0,1,0,1,0,1,1,0,0,32.309999999999974
0,0,1,0,1,0,0,0,1,0,0,1,0,0,1,0,1,1,0,0,0,1,33.069999999999965
0,0,1,0,1,0,0,0,1,0,0,1,0,0,1,0,1,1,0,0,1,0,36.319999999999965
0,0,1,0,1,0,0,0,1,0,0,1,0,0,1,0,1,1,0,1,0,0,37.289999999999964
0,0,1,0,1,0,0,0,1,0,0,1,0,0,1,1,0,0,1,0,0,1,32.109999999999985
0,0,1,0,1,0,0,0,1,0,0,1,0,0,1,1,0,0,1,0,1,0,46.97999999999996
0,0,1,0,1,0,0,0,1,0,0,1,0,0,1,1,0,0,1,1,0,0,31.659999999999968
0,0,1,0,1,0,0,0,1,0,0,1,0,0,1,1,0,1,0,0,0,1,34.639999999999986
0,0,1,0,1,0,0,0,1,0,0,1,0,0,1,1,0,1,0,0,1,0,35.64999999999998
0,0,1,0,1,0,0,0,1,0,0,1,0,0,1,1,0,1,0,1,0,0,27.769999999999982
0,0,1,0,1,0,0,0,1,0,0,1,0,1,0,0,1,0,1,0,0,1,36.069999999999965
0,0,1,0,1,0,0,0,1,0,0,1,0,1,0,0,1,0,1,0,1,0,41.859999999999985
0,0,1,0,1,0,0,0,1,0,0,1,0,1,0,0,1,0,1,1,0,0,39.039999999999964
0,0,1,0,1,0,0,0,1,0,0,1,0,1,0,0,1,1,0,0,0,1,32.64999999999998
0,0,1,0,1,0,0,0,1,0,0,1,0,1,0,0,1,1,0,0,1,0,28.079999999999984
0,0,1,0,1,0,0,0,1,0,0,1,0,1,0,0,1,1,0,1,0,0,31.539999999999964
0,0,1,0,1,0,0,0,1,0,0,1,0,1,0,1,0,0,1,0,0,1,43.04999999999998
0,0,1,0,1,0,0,0,1,0,0,1,0,1,0,1,0,0,1,0,1,0,41.14999999999998
0,0,1,0,1,0,0,0,1,0,0,1,0,1,0,1,0,0,1,1,0,0,34.16999999999996
0,0,1,0,1,0,0,0,1,0,0,1,0,1,0,1,0,1,0,0,0,1,42.01999999999998
0,0,1,0,1,0,0,0,1,0,0,1,0,1,0,1,0,1,0,0,1,0,26.97999999999996
0,0,1,0,1,0,0,0,1,0,0,1,0,1,0,1,0,1,0,1,0,0,33.90999999999997
0,0,1,0,1,0,0,0,1,0,1,0,0,0,1,0,1,0,1,0,0,1,40.619999999999976
0,0,1,0,1,0,0,0,1,0,1,0,0,0,1,0,1,0,1,0,1,0,29.879999999999967
0,0,1,0,1,0,0,0,1,0,1,0,0,0,1,0,1,0,1,1,0,0,24.889999999999986
0,0,1,0,1,0,0,0,1,0,1,0,0,0,1,0,1,1,0,0,0,1,38.41999999999996
0,0,1,0,1,0,0,0,1,0,1,0,0,0,1,0,1,1,0,0,1,0,38.69999999999996
0,0,1,0,1,0,0,0,1,0,1,0,0,0,1,0,1,1,0,1,0,0,37.73999999999998
0,0,1,0,1,0,0,0,1,0,1,0,0,0,1,1,0,0,1,0,0,1,32.569999999999965
0,0,1,0,1,0,0,0,1,0,1,0,0,0,1,1,0,0,1,0,1,0,35.579999999999984
0,0,1,0,1,0,0,0,1,0,1,0,0,0,1,1,0,0,1,1,0,0,35.04999999999998
0,0,1,0,1,0,0,0,1,0,1,0,0,0,1,1,0,1,0,0,0,1,33.579999999999984
0,0,1,0,1,0,0,0,1,0,1,0,0,0,1,1,0,1,0,0,1,0,34.49999999999997
0,0,1,0,1,0,0,0,1,0,1,0,0,0,1,1,0,1,0,1,0,0,29.109999999999985
0,0,1,0,1,0,0,0,1,0,1,0,0,1,0,0,1,0,1,0,0,1,41.12999999999997
0,0,1,0,1,0,0,0,1,0,1,0,0,1,0,0,1,0,1,0,1,0,39.23999999999998
0,0,1,0,1,0,0,0,1,0,1,0,0,1,0,0,1,0,1,1,0,0,32.70999999999998
0,0,1,0,1,0,0,0,1,0,1,0,0,1,0,0,1,1,0,0,0,1,27.25999999999999
0,0,1,0,1,0,0,0,1,0,1,0,0,1,0,0,1,1,0,0,1,0,31.049999999999983
0,0,1,0,1,0,0,0,1,0,1,0,0,1,0,0,1,1,0,1,0,0,32.859999999999985
0,0,1,0,1,0,0,0,1,0,1,0,0,1,0,1,0,0,1,0,0,1,39.829999999999984
0,0,1,0,1,0,0,0,1,0,1,0,0,1,0,1,0,0,1,0,1,0,36.49999999999997
0,0,1,0,1,0,0,0,1,0,1,0,0,1,0,1,0,0,1,1,0,0,25.869999999999948
0,0,1,0,1,0,0,0,1,0,1,0,0,1,0,1,0,1,0,0,0,1,31.71999999999997
0,0,1,0,1,0,0,0,1,0,1,0,0,1,0,1,0,1,0,0,1,0,35.25999999999996
0,0,1,0,1,0,0,0,1,0,1,0,0,1,0,1,0,1,0,1,0,0,32.40999999999997
0,0,1,0,1,0,0,1,0,0,0,0,1,0,1,0,1,0,1,0,0,1,43.309999999999974
0,0,1,0,1,0,0,1,0,0,0,0,1,0,1,0,1,0,1,0,1,0,24.71999999999997
0,0,1,0,1,0,0,1,0,0,0,0,1,0,1,0,1,0,1,1,0,0,28.72999999999996
0,0,1,0,1,0,0,1,0,0,0,0,1,0,1,0,1,1,0,0,0,1,36.39999999999998
0,0,1,0,1,0,0,1,0,0,0,0,1,0,1,0,1,1,0,0,1,0,39.44999999999996
0,0,1,0,1,0,0,1,0,0,0,0,1,0,1,0,1,1,0,1,0,0,44.089999999999975
0,0,1,0,1,0,0,1,0,0,0,0,1,0,1,1,0,0,1,0,0,1,39.20999999999998
0,0,1,0,1,0,0,1,0,0,0,0,1,0,1,1,0,0,1,0,1,0,37.94999999999996
0,0,1,0,1,0,0,1,0,0,0,0,1,0,1,1,0,0,1,1,0,0,26.349999999999966
0,0,1,0,1,0,0,1,0,0,0,0,1,0,1,1,0,1,0,0,0,1,40.72999999999996
0,0,1,0,1,0,0,1,0,0,0,0,1,0,1,1,0,1,0,0,1,0,36.23999999999998
0,0,1,0,1,0,0,1,0,0,0,0,1,0,1,1,0,1,0,1,0,0,26.089999999999975
0,0,1,0,1,0,0,1,0,0,0,0,1,1,0,0,1,0,1,0,0,1,32.87999999999997
0,0,1,0,1,0,0,1,0,0,0,0,1,1,0,0,1,0,1,0,1,0,30.119999999999976
0,0,1,0,1,0,0,1,0,0,0,0,1,1,0,0,1,0,1,1,0,0,35.609999999999985
0,0,1,0,1,0,0,1,0,0,0,0,1,1,0,0,1,1,0,0,0,1,38.309999999999974
0,0,1,0,1,0,0,1,0,0,0,0,1,1,0,0,1,1,0,0,1,0,32.639999999999986
0,0,1,0,1,0,0,1,0,0,0,0,1,1,0,0,1,1,0,1,0,0,34.91999999999996
0,0,1,0,1,0,0,1,0,0,0,0,1,1,0,1,0,0,1,0,0,1,39.27999999999997
0,0,1,0,1,0,0,1,0,0,0,0,1,1,0,1,0,0,1,0,1,0,31.299999999999983
0,0,1,0,1,0,0,1,0,0,0,0,1,1,0,1,0,0,1,1,0,0,32.96999999999997
0,0,1,0,1,0,0,1,0,0,0,0,1,1,0,1,0,1,0,0,0,1,36.17999999999998
0,0,1,0,1,0,0,1,0,0,0,0,1,1,0,1,0,1,0,0,1,0,34.47999999999996
0,0,1,0,1,0,0,1,0,0,0,0,1,1,0,1,0,1,0,1,0,0,41.49999999999997
0,0,1,0,1,0,0,1,0,0,0,1,0,0,1,0,1,0,1,0,0,1,37.23999999999998
0,0,1,0,1,0,0,1,0,0,0,1,0,0,1,0,1,0,1,0,1,0,32.829999999999984
0,0,1,0,1,0,0,1,0,0,0,1,0,0,1,0,1,0,1,1,0,0,35.29999999999998
0,0,1,0,1,0,0,1,0,0,0,1,0,0,1,0,1,1,0,0,0,1,28.289999999999964
0,0,1,0,1,0,0,1,0,0,0,1,0,0,1,0,1,1,0,0,1,0,43.72999999999996
0,0,1,0,1,0,0,1,0,0,0,1,0,0,1,0,1,1,0,1,0,0,39.43999999999997
0,0,1,0,1,0,0,1,0,0,0,1,0,0,1,1,0,0,1,0,0,1,37.64999999999998
0,0,1,0,1,0,0,1,0,0,0,1,0,0,1,1,0,0,1,0,1,0,36.93999999999997
0,0,1,0,1,0,0,1,0,0,0,1,0,0,1,1,0,0,1,1,0,0,40.65999999999997
0,0,1,0,1,0,0,1,0,0,0,1,0,0,1,1,0,1,0,0,0,1,19.339999999999975
0,0,1,0,1,0,0,1,0,0,0,1,0,0,1,1,0,1,0,0,1,0,44.23999999999998
0,0,1,0,1,0,0,1,0,0,0,1,0,0,1,1,0,1,0,1,0,0,47.26999999999998
0,0,1,0,1,0,0,1,0,0,0,1,0,1,0,0,1,0,1,0,0,1,45.18999999999997
0,0,1,0,1,0,0,1,0,0,0,1,0,1,0,0,1,0,1,0,1,0,39.52999999999997
0,0,1,0,1,0,0,1,0,0,0,1,0,1,0,0,1,0,1,1,0,0,37.359999999999985
0,0,1,0,1,0,0,1,0,0,0,1,0,1,0,0,1,1,0,0,0,1,33.75999999999996
0,0,1,0,1,0,0,1,0,0,0,1,0,1,0,0,1,1,0,0,1,0,26.059999999999945
0,0,1,0,1,0,0,1,0,0,0,1,0,1,0,0,1,1,0,1,0,0,39.099999999999966
0,0,1,0,1,0,0,1,0,0,0,1,0,1,0,1,0,0,1,0,0,1,44.849999999999966
0,0,1,0,1,0,0,1,0,0,0,1,0,1,0,1,0,0,1,0,1,0,44.94999999999996
0,0,1,0,1,0,0,1,0,0,0,1,0,1,0,1,0,0,1,1,0,0,41.02999999999997
0,0,1,0,1,0,0,1,0,0,0,1,0,1,0,1,0,1,0,0,0,1,48.42999999999998
0,0,1,0,1,0,0,1,0,0,0,1,0,1,0,1,0,1,0,0,1,0,39.54999999999998
0,0,1,0,1,0,0,1,0,0,0,1,0,1,0,1,0,1,0,1,0,0,35.96999999999997
0,0,1,0,1,0,0,1,0,0,1,0,0,0,1,0,1,0,1,0,0,1,33.289999999999964
0,0,1,0,1,0,0,1,0,0,1,0,0,0,1,0,1,0,1,0,1,0,44.039999999999964
0,0,1,0,1,0,0,1,0,0,1,0,0,0,1,0,1,0,1,1,0,0,37.99999999999997
0,0,1,0,1,0,0,1,0,0,1,0,0,0,1,0,1,1,0,0,0,1,39.139999999999986
0,0,1,0,1,0,0,1,0,0,1,0,0,0,1,0,1,1,0,0,1,0,36.39999999999998
0,0,1,0,1,0,0,1,0,0,1,0,0,0,1,0,1,1,0,1,0,0,31.819999999999965
0,0,1,0,1,0,0,1,0,0,1,0,0,0,1,1,0,0,1,0,0,1,30.649999999999977
0,0,1,0,1,0,0,1,0,0,1,0,0,0,1,1,0,0,1,0,1,0,44.70999999999998
0,0,1,0,1,0,0,1,0,0,1,0,0,0,1,1,0,0,1,1,0,0,41.869999999999976
0,0,1,0,1,0,0,1,0,0,1,0,0,0,1,1,0,1,0,0,0,1,37.18999999999997
0,0,1,0,1,0,0,1,0,0,1,0,0,0,1,1,0,1,0,0,1,0,38.069999999999965
0,0,1,0,1,0,0,1,0,0,1,0,0,0,1,1,0,1,0,1,0,0,34.849999999999966
0,0,1,0,1,0,0,1,0,0,1,0,0,1,0,0,1,0,1,0,0,1,40.46999999999997
0,0,1,0,1,0,0,1,0,0,1,0,0,1,0,0,1,0,1,0,1,0,51.49999999999997
0,0,1,0,1,0,0,1,0,0,1,0,0,1,0,0,1,0,1,1,0,0,36.569999999999965
0,0,1,0,1,0,0,1,0,0,1,0,0,1,0,0,1,1,0,0,0,1,54.309999999999974
0,0,1,0,1,0,0,1,0,0,1,0,0,1,0,0,1,1,0,0,1,0,31.92999999999998
0,0,1,0,1,0,0,1,0,0,1,0,0,1,0,0,1,1,0,1,0,0,37.89999999999998
0,0,1,0,1,0,0,1,0,0,1,0,0,1,0,1,0,0,1,0,0,1,50.319999999999965
0,0,1,0,1,0,0,1,0,0,1,0,0,1,0,1,0,0,1,0,1,0,40.04999999999998
0,0,1,0,1,0,0,1,0,0,1,0,0,1,0,1,0,0,1,1,0,0,39.45999999999998
0,0,1,0,1,0,0,1,0,0,1,0,0,1,0,1,0,1,0,0,0,1,31.509999999999962
0,0,1,0,1,0,0,1,0,0,1,0,0,1,0,1,0,1,0,0,1,0,29.339999999999975
0,0,1,0,1,0,0,1,0,0,1,0,0,1,0,1,0,1,0,1,0,0,28.70999999999998
0,0,1,1,0,0,0,0,0,1,0,0,1,0,1,0,1,0,1,0,0,1,37.089999999999975
0,0,1,1,0,0,0,0,0,1,0,0,1,0,1,0,1,0,1,0,1,0,26.049999999999955
0,0,1,1,0,0,0,0,0,1,0,0,1,0,1,0,1,0,1,1,0,0,40.539999999999964
0,0,1,1,0,0,0,0,0,1,0,0,1,0,1,0,1,1,0,0,0,1,34.19999999999996
0,0,1,1,0,0,0,0,0,1,0,0,1,0,1,0,1,1,0,0,1,0,34.119999999999976
0,0,1,1,0,0,0,0,0,1,0,0,1,0,1,0,1,1,0,1,0,0,33.17999999999998
0,0,1,1,0,0,0,0,0,1,0,0,1,0,1,1,0,0,1,0,0,1,39.70999999999998
0,0,1,1,0,0,0,0,0,1,0,0,1,0,1,1,0,0,1,0,1,0,33.079999999999984
0,0,1,1,0,0,0,0,0,1,0,0,1,0,1,1,0,0,1,1,0,0,29.94999999999996
0,0,1,1,0,0,0,0,0,1,0,0,1,0,1,1,0,1,0,0,0,1,37.389999999999986
0,0,1,1,0,0,0,0,0,1,0,0,1,0,1,1,0,1,0,0,1,0,35.72999999999996
0,0,1,1,0,0,0,0,0,1,0,0,1,0,1,1,0,1,0,1,0,0,33.40999999999997
0,0,1,1,0,0,0,0,0,1,0,0,1,1,0,0,1,0,1,0,0,1,31.079999999999984
0,0,1,1,0,0,0,0,0,1,0,0,1,1,0,0,1,0,1,0,1,0,36.41999999999996
0,0,1,1,0,0,0,0,0,1,0,0,1,1,0,0,1,0,1,1,0,0,36.829999999999984
0,0,1,1,0,0,0,0,0,1,0,0,1,1,0,0,1,1,0,0,0,1,39.25999999999996
0,0,1,1,0,0,0,0,0,1,0,0,1,1,0,0,1,1,0,0,1,0,35.589999999999975
0,0,1,1,0,0,0,0,0,1,0,0,1,1,0,0,1,1,0,1,0,0,32.20999999999998
0,0,1,1,0,0,0,0,0,1,0,0,1,1,0,1,0,0,1,0,0,1,41.65999999999997
0,0,1,1,0,0,0,0,0,1,0,0,1,1,0,1,0,0,1,0,1,0,32.359999999999985
0,0,1,1,0,0,0,0,0,1,0,0,1,1,0,1,0,0,1,1,0,0,39.21999999999997
0,0,1,1,0,0,0,0,0,1,0,0,1,1,0,1,0,1,0,0,0,1,40.48999999999998
0,0,1,1,0,0,0,0,0,1,0,0,1,1,0,1,0,1,0,0,1,0,42.619999999999976
0,0,1,1,0,0,0,0,0,1,0,0,1,1,0,1,0,1,0,1,0,0,35.87999999999997
0,0,1,1,0,0,0,0,0,1,0,1,0,0,1,0,1,0,1,0,0,1,40.589999999999975
0,0,1,1,0,0,0,0,0,1,0,1,0,0,1,0,1,0,1,0,1,0,43.46999999999997
0,0,1,1,0,0,0,0,0,1,0,1,0,0,1,0,1,0,1,1,0,0,41.579999999999984
0,0,1,1,0,0,0,0,0,1,0,1,0,0,1,0,1,1,0,0,0,1,44.18999999999997
0,0,1,1,0,0,0,0,0,1,0,1,0,0,1,0,1,1,0,0,1,0,48.609999999999985
0,0,1,1,0,0,0,0,0,1,0,1,0,0,1,0,1,1,0,1,0,0,41.19999999999996
0,0,1,1,0,0,0,0,0,1,0,1,0,0,1,1,0,0,1,0,0,1,45.96999999999997
0,0,1,1,0,0,0,0,0,1,0,1,0,0,1,1,0,0,1,0,1,0,39.94999999999996
0,0,1,1,0,0,0,0,0,1,0,1,0,0,1,1,0,0,1,1,0,0,42.77999999999997
0,0,1,1,0,0,0,0,0,1,0,1,0,0,1,1,0,1,0,0,0,1,36.96999999999997
0,0,1,1,0,0,0,0,0,1,0,1,0,0,1,1,0,1,0,0,1,0,43.46999999999997
0,0,1,1,0,0,0,0,0,1,0,1,0,0,1,1,0,1,0,1,0,0,54.079999999999984
0,0,1,1,0,0,0,0,0,1,0,1,0,1,0,0,1,0,1,0,0,1,51.599999999999966
0,0,1,1,0,0,0,0,0,1,0,1,0,1,0,0,1,0,1,0,1,0,42.29999999999998
0,0,1,1,0,0,0,0,0,1,0,1,0,1,0,0,1,0,1,1,0,0,38.73999999999998
0,0,1,1,0,0,0,0,0,1,0,1,0,1,0,0,1,1,0,0,0,1,42.94999999999996
0,0,1,1,0,0,0,0,0,1,0,1,0,1,0,0,1,1,0,0,1,0,47.849999999999966
0,0,1,1,0,0,0,0,0,1,0,1,0,1,0,0,1,1,0,1,0,0,55.39999999999998
0,0,1,1,0,0,0,0,0,1,0,1,0,1,0,1,0,0,1,0,0,1,48.50999999999996
0,0,1,1,0,0,0,0,0,1,0,1,0,1,0,1,0,0,1,0,1,0,48.01999999999998
0,0,1,1,0,0,0,0,0,1,0,1,0,1,0,1,0,0,1,1,0,0,41.21999999999997
0,0,1,1,0,0,0,0,0,1,0,1,0,1,0,1,0,1,0,0,0,1,52.67999999999998
0,0,1,1,0,0,0,0,0,1,0,1,0,1,0,1,0,1,0,0,1,0,38.64999999999998
0,0,1,1,0,0,0,0,0,1,0,1,0,1,0,1,0,1,0,1,0,0,45.29999999999998
0,0,1,1,0,0,0,0,0,1,1,0,0,0,1,0,1,0,1,0,0,1,41.47999999999996
0,0,1,1,0,0,0,0,0,1,1,0,0,0,1,0,1,0,1,0,1,0,42.62999999999997
0,0,1,1,0,0,0,0,0,1,1,0,0,0,1,0,1,0,1,1,0,0,44.54999999999998
0,0,1,1,0,0,0,0,0,1,1,0,0,0,1,0,1,1,0,0,0,1,51.18999999999997
0,0,1,1,0,0,0,0,0,1,1,0,0,0,1,0,1,1,0,0,1,0,47.73999999999998
0,0,1,1,0,0,0,0,0,1,1,0,0,0,1,0,1,1,0,1,0,0,44.579999999999984
0,0,1,1,0,0,0,0,0,1,1,0,0,0,1,1,0,0,1,0,0,1,44.99999999999997
0,0,1,1,0,0,0,0,0,1,1,0,0,0,1,1,0,0,1,0,1,0,49.73999999999998
0,0,1,1,0,0,0,0,0,1,1,0,0,0,1,1,0,0,1,1,0,0,40.16999999999996
0,0,1,1,0,0,0,0,0,1,1,0,0,0,1,1,0,1,0,0,0,1,38.37999999999997
0,0,1,1,0,0,0,0,0,1,1,0,0,0,1,1,0,1,0,0,1,0,41.72999999999996
0,0,1,1,0,0,0,0,0,1,1,0,0,0,1,1,0,1,0,1,0,0,41.039999999999964
0,0,1,1,0,0,0,0,0,1,1,0,0,1,0,0,1,0,1,0,0,1,39.829999999999984
0,0,1,1,0,0,0,0,0,1,1,0,0,1,0,0,1,0,1,0,1,0,43.66999999999996
0,0,1,1,0,0,0,0,0,1,1,0,0,1,0,0,1,0,1,1,0,0,40.94999999999996
0,0,1,1,0,0,0,0,0,1,1,0,0,1,0,0,1,1,0,0,0,1,37.45999999999998
0,0,1,1,0,0,0,0,0,1,1,0,0,1,0,0,1,1,0,0,1,0,42.349999999999966
0,0,1,1,0,0,0,0,0,1,1,0,0,1,0,0,1,1,0,1,0,0,41.16999999999996
0,0,1,1,0,0,0,0,0,1,1,0,0,1,0,1,0,0,1,0,0,1,49.839999999999975
0,0,1,1,0,0,0,0,0,1,1,0,0,1,0,1,0,0,1,0,1,0,44.19999999999996
0,0,1,1,0,0,0,0,0,1,1,0,0,1,0,1,0,0,1,1,0,0,46.15999999999997
0,0,1,1,0,0,0,0,0,1,1,0,0,1,0,1,0,1,0,0,0,1,46.609999999999985
0,0,1,1,0,0,0,0,0,1,1,0,0,1,0,1,0,1,0,0,1,0,53.51999999999998
0,0,1,1,0,0,0,0,0,1,1,0,0,1,0,1,0,1,0,1,0,0,49.67999999999998
0,0,1,1,0,0,0,0,1,0,0,0,1,0,1,0,1,0,1,0,0,1,38.87999999999997
0,0,1,1,0,0,0,0,1,0,0,0,1,0,1,0,1,0,1,0,1,0,42.54999999999998
0,0,1,1,0,0,0,0,1,0,0,0,1,0,1,0,1,0,1,1,0,0,44.639999999999986
0,0,1,1,0,0,0,0,1,0,0,0,1,0,1,0,1,1,0,0,0,1,38.559999999999974
0,0,1,1,0,0,0,0,1,0,0,0,1,0,1,0,1,1,0,0,1,0,47.079999999999984
0,0,1,1,0,0,0,0,1,0,0,0,1,0,1,0,1,1,0,1,0,0,29.289999999999964
0,0,1,1,0,0,0,0,1,0,0,0,1,0,1,1,0,0,1,0,0,1,51.17999999999998
0,0,1,1,0,0,0,0,1,0,0,0,1,0,1,1,0,0,1,0,1,0,41.309999999999974
0,0,1,1,0,0,0,0,1,0,0,0,1,0,1,1,0,0,1,1,0,0,48.18999999999997
0,0,1,1,0,0,0,0,1,0,0,0,1,0,1,1,0,1,0,0,0,1,39.77999999999997
0,0,1,1,0,0,0,0,1,0,0,0,1,0,1,1,0,1,0,0,1,0,51.25999999999996
0,0,1,1,0,0,0,0,1,0,0,0,1,0,1,1,0,1,0,1,0,0,43.809999999999974
0,0,1,1,0,0,0,0,1,0,0,0,1,1,0,0,1,0,1,0,0,1,45.14999999999998
0,0,1,1,0,0,0,0,1,0,0,0,1,1,0,0,1,0,1,0,1,0,53.589999999999975
0,0,1,1,0,0,0,0,1,0,0,0,1,1,0,0,1,0,1,1,0,0,43.359999999999985
0,0,1,1,0,0,0,0,1,0,0,0,1,1,0,0,1,1,0,0,0,1,62.92999999999998
0,0,1,1,0,0,0,0,1,0,0,0,1,1,0,0,1,1,0,0,1,0,41.44999999999996
0,0,1,1,0,0,0,0,1,0,0,0,1,1,0,0,1,1,0,1,0,0,30.559999999999974
0,0,1,1,0,0,0,0,1,0,0,0,1,1,0,1,0,0,1,0,0,1,40.00999999999996
0,0,1,1,0,0,0,0,1,0,0,0,1,1,0,1,0,0,1,0,1,0,45.99999999999997
0,0,1,1,0,0,0,0,1,0,0,0,1,1,0,1,0,0,1,1,0,0,46.50999999999996
0,0,1,1,0,0,0,0,1,0,0,0,1,1,0,1,0,1,0,0,0,1,46.45999999999998
0,0,1,1,0,0,0,0,1,0,0,0,1,1,0,1,0,1,0,0,1,0,43.569999999999965
0,0,1,1,0,0,0,0,1,0,0,0,1,1,0,1,0,1,0,1,0,0,42.73999999999998
0,0,1,1,0,0,0,0,1,0,0,1,0,0,1,0,1,0,1,0,0,1,42.67999999999998
0,0,1,1,0,0,0,0,1,0,0,1,0,0,1,0,1,0,1,0,1,0,45.54999999999998
0,0,1,1,0,0,0,0,1,0,0,1,0,0,1,0,1,0,1,1,0,0,58.639999999999986
0,0,1,1,0,0,0,0,1,0,0,1,0,0,1,0,1,1,0,0,0,1,50.54999999999998
0,0,1,1,0,0,0,0,1,0,0,1,0,0,1,0,1,1,0,0,1,0,48.26999999999998
0,0,1,1,0,0,0,0,1,0,0,1,0,0,1,0,1,1,0,1,0,0,42.839999999999975
0,0,1,1,0,0,0,0,1,0,0,1,0,0,1,1,0,0,1,0,0,1,44.40999999999997
0,0,1,1,0,0,0,0,1,0,0,1,0,0,1,1,0,0,1,0,1,0,37.18999999999997
0,0,1,1,0,0,0,0,1,0,0,1,0,0,1,1,0,0,1,1,0,0,46.849999999999966
0,0,1,1,0,0,0,0,1,0,0,1,0,0,1,1,0,1,0,0,0,1,41.29999999999998
0,0,1,1,0,0,0,0,1,0,0,1,0,0,1,1,0,1,0,0,1,0,34.01999999999998
0,0,1,1,0,0,0,0,1,0,0,1,0,0,1,1,0,1,0,1,0,0,43.17999999999998
0,0,1,1,0,0,0,0,1,0,0,1,0,1,0,0,1,0,1,0,0,1,53.93999999999997
0,0,1,1,0,0,0,0,1,0,0,1,0,1,0,0,1,0,1,0,1,0,43.01999999999998
0,0,1,1,0,0,0,0,1,0,0,1,0,1,0,0,1,0,1,1,0,0,41.77999999999997
0,0,1,1,0,0,0,0,1,0,0,1,0,1,0,0,1,1,0,0,0,1,47.70999999999998
0,0,1,1,0,0,0,0,1,0,0,1,0,1,0,0,1,1,0,0,1,0,47.73999999999998
0,0,1,1,0,0,0,0,1,0,0,1,0,1,0,0,1,1,0,1,0,0,46.609999999999985
0,0,1,1,0,0,0,0,1,0,0,1,0,1,0,1,0,0,1,0,0,1,49.18999999999997
0,0,1,1,0,0,0,0,1,0,0,1,0,1,0,1,0,0,1,0,1,0,37.65999999999997
0,0,1,1,0,0,0,0,1,0,0,1,0,1,0,1,0,0,1,1,0,0,41.619999999999976
0,0,1,1,0,0,0,0,1,0,0,1,0,1,0,1,0,1,0,0,0,1,44.65999999999997
0,0,1,1,0,0,0,0,1,0,0,1,0,1,0,1,0,1,0,0,1,0,44.90999999999997
0,0,1,1,0,0,0,0,1,0,0,1,0,1,0,1,0,1,0,1,0,0,46.90999999999997
0,0,1,1,0,0,0,0,1,0,1,0,0,0,1,0,1,0,1,0,0,1,38.099999999999966
0,0,1,1,0,0,0,0,1,0,1,0,0,0,1,0,1,0,1,0,1,0,38.71999999999997
0,0,1,1,0,0,0,0,1,0,1,0,0,0,1,0,1,0,1,1,0,0,42.73999999999998
0,0,1,1,0,0,0,0,1,0,1,0,0,0,1,0,1,1,0,0,0,1,47.43999999999997
0,0,1,1,0,0,0,0,1,0,1,0,0,0,1,0,1,1,0,0,1,0,42.97999999999996
0,0,1,1,0,0,0,0,1,0,1,0,0,0,1,0,1,1,0,1,0,0,46.96999999999997
0,0,1,1,0,0,0,0,1,0,1,0,0,0,1,1,0,0,1,0,0,1,43.20999999999998
0,0,1,1,0,0,0,0,1,0,1,0,0,0,1,1,0,0,1,0,1,0,54.66999999999996
0,0,1,1,0,0,0,0,1,0,1,0,0,0,1,1,0,0,1,1,0,0,43.51999999999998
0,0,1,1,0,0,0,0,1,0,1,0,0,0,1,1,0,1,0,0,0,1,54.23999999999998
0,0,1,1,0,0,0,0,1,0,1,0,0,0,1,1,0,1,0,0,1,0,40.93999999999997
0,0,1,1,0,0,0,0,1,0,1,0,0,0,1,1,0,1,0,1,0,0,47.15999999999997
0,0,1,1,0,0,0,0,1,0,1,0,0,1,0,0,1,0,1,0,0,1,53.17999999999998
0,0,1,1,0,0,0,0,1,0,1,0,0,1,0,0,1,0,1,0,1,0,42.37999999999997
0,0,1,1,0,0,0,0,1,0,1,0,0,1,0,0,1,0,1,1,0,0,49.24999999999997
0,0,1,1,0,0,0,0,1,0,1,0,0,1,0,0,1,1,0,0,0,1,50.64999999999998
0,0,1,1,0,0,0,0,1,0,1,0,0,1,0,0,1,1,0,0,1,0,42.889999999999986
0,0,1,1,0,0,0,0,1,0,1,0,0,1,0,0,1,1,0,1,0,0,43.51999999999998
0,0,1,1,0,0,0,0,1,0,1,0,0,1,0,1,0,0,1,0,0,1,42.389999999999986
0,0,1,1,0,0,0,0,1,0,1,0,0,1,0,1,0,0,1,0,1,0,43.96999999999997
0,0,1,1,0,0,0,0,1,0,1,0,0,1,0,1,0,0,1,1,0,0,39.389999999999986
0,0,1,1,0,0,0,0,1,0,1,0,0,1,0,1,0,1,0,0,0,1,45.99999999999997
0,0,1,1,0,0,0,0,1,0,1,0,0,1,0,1,0,1,0,0,1,0,41.089999999999975
0,0,1,1,0,0,0,0,1,0,1,0,0,1,0,1,0,1,0,1,0,0,41.24999999999997
0,0,1,1,0,0,0,1,0,0,0,0,1,0,1,0,1,0,1,0,0,1,45.64999999999998
0,0,1,1,0,0,0,1,0,0,0,0,1,0,1,0,1,0,1,0,1,0,47.00999999999996
0,0,1,1,0,0,0,1,0,0,0,0,1,0,1,0,1,0,1,1,0,0,45.52999999999997
0,0,1,1,0,0,0,1,0,0,0,0,1,0,1,0,1,1,0,0,0,1,47.059999999999974
0,0,1,1,0,0,0,1,0,0,0,0,1,0,1,0,1,1,0,0,1,0,52.849999999999966
0,0,1,1,0,0,0,1,0,0,0,0,1,0,1,0,1,1,0,1,0,0,43.849999999999966
0,0,1,1,0,0,0,1,0,0,0,0,1,0,1,1,0,0,1,0,0,1,36.579999999999984
0,0,1,1,0,0,0,1,0,0,0,0,1,0,1,1,0,0,1,0,1,0,33.369999999999976
0,0,1,1,0,0,0,1,0,0,0,0,1,0,1,1,0,0,1,1,0,0,47.97999999999996
0,0,1,1,0,0,0,1,0,0,0,0,1,0,1,1,0,1,0,0,0,1,44.76999999999998
0,0,1,1,0,0,0,1,0,0,0,0,1,0,1,1,0,1,0,0,1,0,51.68999999999997
0,0,1,1,0,0,0,1,0,0,0,0,1,0,1,1,0,1,0,1,0,0,42.99999999999997
0,0,1,1,0,0,0,1,0,0,0,0,1,1,0,0,1,0,1,0,0,1,44.329999999999984
0,0,1,1,0,0,0,1,0,0,0,0,1,1,0,0,1,0,1,0,1,0,47.319999999999965
0,0,1,1,0,0,0,1,0,0,0,0,1,1,0,0,1,0,1,1,0,0,43.79999999999998
0,0,1,1,0,0,0,1,0,0,0,0,1,1,0,0,1,1,0,0,0,1,41.569999999999965
0,0,1,1,0,0,0,1,0,0,0,0,1,1,0,0,1,1,0,0,1,0,41.70999999999998
0,0,1,1,0,0,0,1,0,0,0,0,1,1,0,0,1,1,0,1,0,0,45.44999999999996
0,0,1,1,0,0,0,1,0,0,0,0,1,1,0,1,0,0,1,0,0,1,45.079999999999984
0,0,1,1,0,0,0,1,0,0,0,0,1,1,0,1,0,0,1,0,1,0,44.94999999999996
0,0,1,1,0,0,0,1,0,0,0,0,1,1,0,1,0,0,1,1,0,0,39.869999999999976
0,0,1,1,0,0,0,1,0,0,0,0,1,1,0,1,0,1,0,0,0,1,40.619999999999976
0,0,1,1,0,0,0,1,0,0,0,0,1,1,0,1,0,1,0,0,1,0,42.20999999999998
0,0,1,1,0,0,0,1,0,0,0,0,1,1,0,1,0,1,0,1,0,0,37.18999999999997
0,0,1,1,0,0,0,1,0,0,0,1,0,0,1,0,1,0,1,0,0,1,44.849999999999966
0,0,1,1,0,0,0,1,0,0,0,1,0,0,1,0,1,0,1,0,1,0,38.96999999999997
0,0,1,1,0,0,0,1,0,0,0,1,0,0,1,0,1,0,1,1,0,0,39.48999999999998
0,0,1,1,0,0,0,1,0,0,0,1,0,0,1,0,1,1,0,0,0,1,39.99999999999997
0,0,1,1,0,0,0,1,0,0,0,1,0,0,1,0,1,1,0,0,1,0,38.839999999999975
0,0,1,1,0,0,0,1,0,0,0,1,0,0,1,0,1,1,0,1,0,0,43.309999999999974
0,0,1,1,0,0,0,1,0,0,0,1,0,0,1,1,0,0,1,0,0,1,52.079999999999984
0,0,1,1,0,0,0,1,0,0,0,1,0,0,1,1,0,0,1,0,1,0,59.77999999999997
0,0,1,1,0,0,0,1,0,0,0,1,0,0,1,1,0,0,1,1,0,0,49.37999999999997
0,0,1,1,0,0,0,1,0,0,0,1,0,0,1,1,0,1,0,0,0,1,40.039999999999964
0,0,1,1,0,0,0,1,0,0,0,1,0,0,1,1,0,1,0,0,1,0,54.79999999999998
0,0,1,1,0,0,0,1,0,0,0,1,0,0,1,1,0,1,0,1,0,0,41.68999999999997
0,0,1,1,0,0,0,1,0,0,0,1,0,1,0,0,1,0,1,0,0,1,39.96999999999997
0,0,1,1,0,0,0,1,0,0,0,1,0,1,0,0,1,0,1,0,1,0,40.139999999999986
0,0,1,1,0,0,0,1,0,0,0,1,0,1,0,0,1,0,1,1,0,0,50.50999999999996
0,0,1,1,0,0,0,1,0,0,0,1,0,1,0,0,1,1,0,0,0,1,41.72999999999996
0,0,1,1,0,0,0,1,0,0,0,1,0,1,0,0,1,1,0,0,1,0,43.14999999999998
0,0,1,1,0,0,0,1,0,0,0,1,0,1,0,0,1,1,0,1,0,0,56.48999999999998
0,0,1,1,0,0,0,1,0,0,0,1,0,1,0,1,0,0,1,0,0,1,40.389999999999986
0,0,1,1,0,0,0,1,0,0,0,1,0,1,0,1,0,0,1,0,1,0,44.62999999999997
0,0,1,1,0,0,0,1,0,0,0,1,0,1,0,1,0,0,1,1,0,0,45.869999999999976
0,0,1,1,0,0,0,1,0,0,0,1,0,1,0,1,0,1,0,0,0,1,56.40999999999997
0,0,1,1,0,0,0,1,0,0,0,1,0,1,0,1,0,1,0,0,1,0,32.29999999999998
0,0,1,1,0,0,0,1,0,0,0,1,0,1,0,1,0,1,0,1,0,0,47.19999999999996
0,0,1,1,0,0,0,1,0,0,1,0,0,0,1,0,1,0,1,0,0,1,41.139999999999986
0,0,1,1,0,0,0,1,0,0,1,0,0,0,1,0,1,0,1,0,1,0,47.26999999999998
0,0,1,1,0,0,0,1,0,0,1,0,0,0,1,0,1,0,1,1,0,0,47.96999999999997
0,0,1,1,0,0,0,1,0,0,1,0,0,0,1,0,1,1,0,0,0,1,48.39999999999998
0,0,1,1,0,0,0,1,0,0,1,0,0,0,1,0,1,1,0,0,1,0,42.66999999999996
0,0,1,1,0,0,0,1,0,0,1,0,0,0,1,0,1,1,0,1,0,0,44.22999999999996
0,0,1,1,0,0,0,1,0,0,1,0,0,0,1,1,0,0,1,0,0,1,43.16999999999996
0,0,1,1,0,0,0,1,0,0,1,0,0,0,1,1,0,0,1,0,1,0,41.49999999999997
0,0,1,1,0,0,0,1,0,0,1,0,0,0,1,1,0,0,1,1,0,0,49.93999999999997
0,0,1,1,0,0,0,1,0,0,1,0,0,0,1,1,0,1,0,0,0,1,41.579999999999984
0,0,1,1,0,0,0,1,0,0,1,0,0,0,1,1,0,1,0,0,1,0,45.52999999999997
0,0,1,1,0,0,0,1,0,0,1,0,0,0,1,1,0,1,0,1,0,0,40.339999999999975
0,0,1,1,0,0,0,1,0,0,1,0,0,1,0,0,1,0,1,0,0,1,43.95999999999998
0,0,1,1,0,0,0,1,0,0,1,0,0,1,0,0,1,0,1,0,1,0,54.17999999999998
0,0,1,1,0,0,0,1,0,0,1,0,0,1,0,0,1,0,1,1,0,0,41.349999999999966
0,0,1,1,0,0,0,1,0,0,1,0,0,1,0,0,1,1,0,0,0,1,46.27999999999997
0,0,1,1,0,0,0,1,0,0,1,0,0,1,0,0,1,1,0,0,1,0,47.16999999999996
0,0,1,1,0,0,0,1,0,0,1,0,0,1,0,0,1,1,0,1,0,0,45.849999999999966
0,0,1,1,0,0,0,1,0,0,1,0,0,1,0,1,0,0,1,0,0,1,35.12999999999997
0,0,1,1,0,0,0,1,0,0,1,0,0,1,0,1,0,0,1,0,1,0,40.98999999999998
0,0,1,1,0,0,0,1,0,0,1,0,0,1,0,1,0,0,1,1,0,0,48.51999999999998
0,0,1,1,0,0,0,1,0,0,1,0,0,1,0,1,0,1,0,0,0,1,38.52999999999997
0,0,1,1,0,0,0,1,0,0,1,0,0,1,0,1,0,1,0,0,1,0,49.90999999999997
0,0,1,1,0,0,0,1,0,0,1,0,0,1,0,1,0,1,0,1,0,0,47.19999999999996
0,1,0,0,0,0,1,0,0,1,0,0,1,0,1,0,1,0,1,0,0,1,42.39999999999998
0,1,0,0,0,0,1,0,0,1,0,0,1,0,1,0,1,0,1,0,1,0,37.109999999999985
0,1,0,0,0,0,1,0,0,1,0,0,1,0,1,0,1,0,1,1,0,0,43.41999999999996
0,1,0,0,0,0,1,0,0,1,0,0,1,0,1,0,1,1,0,0,0,1,37.41999999999996
0,1,0,0,0,0,1,0,0,1,0,0,1,0,1,0,1,1,0,0,1,0,47.90999999999997
0,1,0,0,0,0,1,0,0,1,0,0,1,0,1,0,1,1,0,1,0,0,42.559999999999974
0,1,0,0,0,0,1,0,0,1,0,0,1,0,1,1,0,0,1,0,0,1,45.97999999999996
0,1,0,0,0,0,1,0,0,1,0,0,1,0,1,1,0,0,1,0,1,0,48.23999999999998
0,1,0,0,0,0,1,0,0,1,0,0,1,0,1,1,0,0,1,1,0,0,47.319999999999965
0,1,0,0,0,0,1,0,0,1,0,0,1,0,1,1,0,1,0,0,0,1,45.42999999999998
0,1,0,0,0,0,1,0,0,1,0,0,1,0,1,1,0,1,0,0,1,0,41.21999999999997
0,1,0,0,0,0,1,0,0,1,0,0,1,0,1,1,0,1,0,1,0,0,42.16999999999996
0,1,0,0,0,0,1,0,0,1,0,0,1,1,0,0,1,0,1,0,0,1,37.79999999999998
0,1,0,0,0,0,1,0,0,1,0,0,1,1,0,0,1,0,1,0,1,0,42.50999999999996
0,1,0,0,0,0,1,0,0,1,0,0,1,1,0,0,1,0,1,1,0,0,28.889999999999986
0,1,0,0,0,0,1,0,0,1,0,0,1,1,0,0,1,1,0,0,0,1,24.69999999999999
0,1,0,0,0,0,1,0,0,1,0,0,1,1,0,0,1,1,0,0,1,0,30.109999999999985
0,1,0,0,0,0,1,0,0,1,0,0,1,1,0,0,1,1,0,1,0,0,41.72999999999996
0,1,0,0,0,0,1,0,0,1,0,0,1,1,0,1,0,0,1,0,0,1,42.26999999999998
0,1,0,0,0,0,1,0,0,1,0,0,1,1,0,1,0,0,1,0,1,0,46.26999999999998
0,1,0,0,0,0,1,0,0,1,0,0,1,1,0,1,0,0,1,1,0,0,28.69999999999999
0,1,0,0,0,0,1,0,0,1,0,0,1,1,0,1,0,1,0,0,0,1,28.609999999999957
0,1,0,0,0,0,1,0,0,1,0,0,1,1,0,1,0,1,0,0,1,0,25.95999999999998
0,1,0,0,0,0,1,0,0,1,0,0,1,1,0,1,0,1,0,1,0,0,44.579999999999984
0,1,0,0,0,0,1,0,0,1,0,1,0,0,1,0,1,0,1,0,0,1,41.069999999999965
0,1,0,0,0,0,1,0,0,1,0,1,0,0,1,0,1,0,1,0,1,0,35.04999999999998
0,1,0,0,0,0,1,0,0,1,0,1,0,0,1,0,1,0,1,1,0,0,36.839999999999975
0,1,0,0,0,0,1,0,0,1,0,1,0,0,1,0,1,1,0,0,0,1,40.98999999999998
0,1,0,0,0,0,1,0,0,1,0,1,0,0,1,0,1,1,0,0,1,0,36.45999999999998
0,1,0,0,0,0,1,0,0,1,0,1,0,0,1,0,1,1,0,1,0,0,25.289999999999964
0,1,0,0,0,0,1,0,0,1,0,1,0,0,1,1,0,0,1,0,0,1,44.04999999999998
0,1,0,0,0,0,1,0,0,1,0,1,0,0,1,1,0,0,1,0,1,0,36.76999999999998
0,1,0,0,0,0,1,0,0,1,0,1,0,0,1,1,0,0,1,1,0,0,35.47999999999996
0,1,0,0,0,0,1,0,0,1,0,1,0,0,1,1,0,1,0,0,0,1,42.109999999999985
0,1,0,0,0,0,1,0,0,1,0,1,0,0,1,1,0,1,0,0,1,0,40.18999999999997
0,1,0,0,0,0,1,0,0,1,0,1,0,0,1,1,0,1,0,1,0,0,33.369999999999976
0,1,0,0,0,0,1,0,0,1,0,1,0,1,0,0,1,0,1,0,0,1,29.069999999999965
0,1,0,0,0,0,1,0,0,1,0,1,0,1,0,0,1,0,1,0,1,0,36.75999999999996
0,1,0,0,0,0,1,0,0,1,0,1,0,1,0,0,1,0,1,1,0,0,39.89999999999998
0,1,0,0,0,0,1,0,0,1,0,1,0,1,0,0,1,1,0,0,0,1,24.939999999999998
0,1,0,0,0,0,1,0,0,1,0,1,0,1,0,0,1,1,0,0,1,0,35.609999999999985
0,1,0,0,0,0,1,0,0,1,0,1,0,1,0,0,1,1,0,1,0,0,38.869999999999976
0,1,0,0,0,0,1,0,0,1,0,1,0,1,0,1,0,0,1,0,0,1,42.369999999999976
0,1,0,0,0,0,1,0,0,1,0,1,0,1,0,1,0,0,1,0,1,0,48.00999999999996
0,1,0,0,0,0,1,0,0,1,0,1,0,1,0,1,0,0,1,1,0,0,42.29999999999998
0,1,0,0,0,0,1,0,0,1,0,1,0,1,0,1,0,1,0,0,0,1,45.48999999999998
0,1,0,0,0,0,1,0,0,1,0,1,0,1,0,1,0,1,0,0,1,0,40.76999999999998
0,1,0,0,0,0,1,0,0,1,0,1,0,1,0,1,0,1,0,1,0,0,47.41999999999996
0,1,0,0,0,0,1,0,0,1,1,0,0,0,1,0,1,0,1,0,0,1,48.74999999999997
0,1,0,0,0,0,1,0,0,1,1,0,0,0,1,0,1,0,1,0,1,0,38.93999999999997
0,1,0,0,0,0,1,0,0,1,1,0,0,0,1,0,1,0,1,1,0,0,48.309999999999974
0,1,0,0,0,0,1,0,0,1,1,0,0,0,1,0,1,1,0,0,0,1,46.329999999999984
0,1,0,0,0,0,1,0,0,1,1,0,0,0,1,0,1,1,0,0,1,0,51.359999999999985
0,1,0,0,0,0,1,0,0,1,1,0,0,0,1,0,1,1,0,1,0,0,44.94999999999996
0,1,0,0,0,0,1,0,0,1,1,0,0,0,1,1,0,0,1,0,0,1,42.319999999999965
0,1,0,0,0,0,1,0,0,1,1,0,0,0,1,1,0,0,1,0,1,0,49.73999999999998
0,1,0,0,0,0,1,0,0,1,1,0,0,0,1,1,0,0,1,1,0,0,43.19999999999996
0,1,0,0,0,0,1,0,0,1,1,0,0,0,1,1,0,1,0,0,0,1,45.829999999999984
0,1,0,0,0,0,1,0,0,1,1,0,0,0,1,1,0,1,0,0,1,0,32.289999999999964
0,1,0,0,0,0,1,0,0,1,1,0,0,0,1,1,0,1,0,1,0,0,45.39999999999998
0,1,0,0,0,0,1,0,0,1,1,0,0,1,0,0,1,0,1,0,0,1,50.359999999999985
0,1,0,0,0,0,1,0,0,1,1,0,0,1,0,0,1,0,1,0,1,0,45.43999999999997
0,1,0,0,0,0,1,0,0,1,1,0,0,1,0,0,1,0,1,1,0,0,32.49999999999997
0,1,0,0,0,0,1,0,0,1,1,0,0,1,0,0,1,1,0,0,0,1,45.139999999999986
0,1,0,0,0,0,1,0,0,1,1,0,0,1,0,0,1,1,0,0,1,0,42.37999999999997
0,1,0,0,0,0,1,0,0,1,1,0,0,1,0,0,1,1,0,1,0,0,45.64999999999998
0,1,0,0,0,0,1,0,0,1,1,0,0,1,0,1,0,0,1,0,0,1,45.579999999999984
0,1,0,0,0,0,1,0,0,1,1,0,0,1,0,1,0,0,1,0,1,0,39.94999999999996
0,1,0,0,0,0,1,0,0,1,1,0,0,1,0,1,0,0,1,1,0,0,46.079999999999984
0,1,0,0,0,0,1,0,0,1,1,0,0,1,0,1,0,1,0,0,0,1,44.589999999999975
0,1,0,0,0,0,1,0,0,1,1,0,0,1,0,1,0,1,0,0,1,0,46.27999999999997
0,1,0,0,0,0,1,0,0,1,1,0,0,1,0,1,0,1,0,1,0,0,44.02999999999997
0,1,0,0,0,0,1,0,1,0,0,0,1,0,1,0,1,0,1,0,0,1,43.819999999999965
0,1,0,0,0,0,1,0,1,0,0,0,1,0,1,0,1,0,1,0,1,0,44.43999999999997
0,1,0,0,0,0,1,0,1,0,0,0,1,0,1,0,1,0,1,1,0,0,40.95999999999998
0,1,0,0,0,0,1,0,1,0,0,0,1,0,1,0,1,1,0,0,0,1,37.079999999999984
0,1,0,0,0,0,1,0,1,0,0,0,1,0,1,0,1,1,0,0,1,0,39.069999999999965
0,1,0,0,0,0,1,0,1,0,0,0,1,0,1,0,1,1,0,1,0,0,40.059999999999974
0,1,0,0,0,0,1,0,1,0,0,0,1,0,1,1,0,0,1,0,0,1,38.01999999999998
0,1,0,0,0,0,1,0,1,0,0,0,1,0,1,1,0,0,1,0,1,0,37.17999999999998
0,1,0,0,0,0,1,0,1,0,0,0,1,0,1,1,0,0,1,1,0,0,43.809999999999974
0,1,0,0,0,0,1,0,1,0,0,0,1,0,1,1,0,1,0,0,0,1,47.15999999999997
0,1,0,0,0,0,1,0,1,0,0,0,1,0,1,1,0,1,0,0,1,0,36.73999999999998
0,1,0,0,0,0,1,0,1,0,0,0,1,0,1,1,0,1,0,1,0,0,41.46999999999997
0,1,0,0,0,0,1,0,1,0,0,0,1,1,0,0,1,0,1,0,0,1,45.51999999999998
0,1,0,0,0,0,1,0,1,0,0,0,1,1,0,0,1,0,1,0,1,0,41.26999999999998
0,1,0,0,0,0,1,0,1,0,0,0,1,1,0,0,1,0,1,1,0,0,41.71999999999997
0,1,0,0,0,0,1,0,1,0,0,0,1,1,0,0,1,1,0,0,0,1,47.869999999999976
0,1,0,0,0,0,1,0,1,0,0,0,1,1,0,0,1,1,0,0,1,0,42.069999999999965
0,1,0,0,0,0,1,0,1,0,0,0,1,1,0,0,1,1,0,1,0,0,33.51999999999998
0,1,0,0,0,0,1,0,1,0,0,0,1,1,0,1,0,0,1,0,0,1,53.77999999999997
0,1,0,0,0,0,1,0,1,0,0,0,1,1,0,1,0,0,1,0,1,0,46.54999999999998
0,1,0,0,0,0,1,0,1,0,0,0,1,1,0,1,0,0,1,1,0,0,43.99999999999997
0,1,0,0,0,0,1,0,1,0,0,0,1,1,0,1,0,1,0,0,0,1,47.54999999999998
0,1,0,0,0,0,1,0,1,0,0,0,1,1,0,1,0,1,0,0,1,0,48.52999999999997
0,1,0,0,0,0,1,0,1,0,0,0,1,1,0,1,0,1,0,1,0,0,40.98999999999998
0,1,0,0,0,0,1,0,1,0,0,1,0,0,1,0,1,0,1,0,0,1,37.95999999999998
0,1,0,0,0,0,1,0,1,0,0,1,0,0,1,0,1,0,1,0,1,0,52.76999999999998
0,1,0,0,0,0,1,0,1,0,0,1,0,0,1,0,1,0,1,1,0,0,42.889999999999986
0,1,0,0,0,0,1,0,1,0,0,1,0,0,1,0,1,1,0,0,0,1,48.539999999999964
0,1,0,0,0,0,1,0,1,0,0,1,0,0,1,0,1,1,0,0,1,0,43.64999999999998
0,1,0,0,0,0,1,0,1,0,0,1,0,0,1,0,1,1,0,1,0,0,36.20999999999998
0,1,0,0,0,0,1,0,1,0,0,1,0,0,1,1,0,0,1,0,0,1,45.24999999999997
0,1,0,0,0,0,1,0,1,0,0,1,0,0,1,1,0,0,1,0,1,0,52.99999999999997
0,1,0,0,0,0,1,0,1,0,0,1,0,0,1,1,0,0,1,1,0,0,50.44999999999996
0,1,0,0,0,0,1,0,1,0,0,1,0,0,1,1,0,1,0,0,0,1,54.37999999999997
0,1,0,0,0,0,1,0,1,0,0,1,0,0,1,1,0,1,0,0,1,0,58.43999999999997
0,1,0,0,0,0,1,0,1,0,0,1,0,0,1,1,0,1,0,1,0,0,59.039999999999964
0,1,0,0,0,0,1,0,1,0,0,1,0,1,0,0,1,0,1,0,0,1,46.40999999999997
0,1,0,0,0,0,1,0,1,0,0,1,0,1,0,0,1,0,1,0,1,0,40.889999999999986
0,1,0,0,0,0,1,0,1,0,0,1,0,1,0,0,1,0,1,1,0,0,53.14999999999998
0,1,0,0,0,0,1,0,1,0,0,1,0,1,0,0,1,1,0,0,0,1,47.75999999999996
0,1,0,0,0,0,1,0,1,0,0,1,0,1,0,0,1,1,0,0,1,0,40.46999999999997
0,1,0,0,0,0,1,0,1,0,0,1,0,1,0,0,1,1,0,1,0,0,46.339999999999975
0,1,0,0,0,0,1,0,1,0,0,1,0,1,0,1,0,0,1,0,0,1,40.79999999999998
0,1,0,0,0,0,1,0,1,0,0,1,0,1,0,1,0,0,1,0,1,0,52.789999999999964
0,1,0,0,0,0,1,0,1,0,0,1,0,1,0,1,0,0,1,1,0,0,39.27999999999997
0,1,0,0,0,0,1,0,1,0,0,1,0,1,0,1,0,1,0,0,0,1,35.109999999999985
0,1,0,0,0,0,1,0,1,0,0,1,0,1,0,1,0,1,0,0,1,0,38.95999999999998
0,1,0,0,0,0,1,0,1,0,0,1,0,1,0,1,0,1,0,1,0,0,50.65999999999997
0,1,0,0,0,0,1,0,1,0,1,0,0,0,1,0,1,0,1,0,0,1,57.109999999999985
0,1,0,0,0,0,1,0,1,0,1,0,0,0,1,0,1,0,1,0,1,0,39.98999999999998
0,1,0,0,0,0,1,0,1,0,1,0,0,0,1,0,1,0,1,1,0,0,44.889999999999986
0,1,0,0,0,0,1,0,1,0,1,0,0,0,1,0,1,1,0,0,0,1,43.25999999999996
0,1,0,0,0,0,1,0,1,0,1,0,0,0,1,0,1,1,0,0,1,0,43.41999999999996
0,1,0,0,0,0,1,0,1,0,1,0,0,0,1,0,1,1,0,1,0,0,47.79999999999998
0,1,0,0,0,0,1,0,1,0,1,0,0,0,1,1,0,0,1,0,0,1,54.91999999999996
0,1,0,0,0,0,1,0,1,0,1,0,0,0,1,1,0,0,1,0,1,0,48.52999999999997
0,1,0,0,0,0,1,0,1,0,1,0,0,0,1,1,0,0,1,1,0,0,39.25999999999996
0,1,0,0,0,0,1,0,1,0,1,0,0,0,1,1,0,1,0,0,0,1,38.839999999999975
0,1,0,0,0,0,1,0,1,0,1,0,0,0,1,1,0,1,0,0,1,0,51.73999999999998
0,1,0,0,0,0,1,0,1,0,1,0,0,0,1,1,0,1,0,1,0,0,42.559999999999974
0,1,0,0,0,0,1,0,1,0,1,0,0,1,0,0,1,0,1,0,0,1,49.23999999999998
0,1,0,0,0,0,1,0,1,0,1,0,0,1,0,0,1,0,1,0,1,0,50.809999999999974
0,1,0,0,0,0,1,0,1,0,1,0,0,1,0,0,1,0,1,1,0,0,50.01999999999998
0,1,0,0,0,0,1,0,1,0,1,0,0,1,0,0,1,1,0,0,0,1,51.889999999999986
0,1,0,0,0,0,1,0,1,0,1,0,0,1,0,0,1,1,0,0,1,0,42.139999999999986
0,1,0,0,0,0,1,0,1,0,1,0,0,1,0,0,1,1,0,1,0,0,47.389999999999986
0,1,0,0,0,0,1,0,1,0,1,0,0,1,0,1,0,0,1,0,0,1,45.18999999999997
0,1,0,0,0,0,1,0,1,0,1,0,0,1,0,1,0,0,1,0,1,0,52.859999999999985
0,1,0,0,0,0,1,0,1,0,1,0,0,1,0,1,0,0,1,1,0,0,43.97999999999996
0,1,0,0,0,0,1,0,1,0,1,0,0,1,0,1,0,1,0,0,0,1,50.559999999999974
0,1,0,0,0,0,1,0,1,0,1,0,0,1,0,1,0,1,0,0,1,0,47.93999999999997
0,1,0,0,0,0,1,0,1,0,1,0,0,1,0,1,0,1,0,1,0,0,45.569999999999965
0,1,0,0,0,0,1,1,0,0,0,0,1,0,1,0,1,0,1,0,0,1,39.25999999999996
0,1,0,0,0,0,1,1,0,0,0,0,1,0,1,0,1,0,1,0,1,0,43.539999999999964
0,1,0,0,0,0,1,1,0,0,0,0,1,0,1,0,1,0,1,1,0,0,36.47999999999996
0,1,0,0,0,0,1,1,0,0,0,0,1,0,1,0,1,1,0,0,0,1,51.89999999999998
0,1,0,0,0,0,1,1,0,0,0,0,1,0,1,0,1,1,0,0,1,0,41.51999999999998
0,1,0,0,0,0,1,1,0,0,0,0,1,0,1,0,1,1,0,1,0,0,46.579999999999984
0,1,0,0,0,0,1,1,0,0,0,0,1,0,1,1,0,0,1,0,0,1,50.19999999999996
0,1,0,0,0,0,1,1,0,0,0,0,1,0,1,1,0,0,1,0,1,0,49.99999999999997
0,1,0,0,0,0,1,1,0,0,0,0,1,0,1,1,0,0,1,1,0,0,49.74999999999997
0,1,0,0,0,0,1,1,0,0,0,0,1,0,1,1,0,1,0,0,0,1,41.01999999999998
0,1,0,0,0,0,1,1,0,0,0,0,1,0,1,1,0,1,0,0,1,0,45.839999999999975
0,1,0,0,0,0,1,1,0,0,0,0,1,0,1,1,0,1,0,1,0,0,46.48999999999998
0,1,0,0,0,0,1,1,0,0,0,0,1,1,0,0,1,0,1,0,0,1,45.01999999999998
0,1,0,0,0,0,1,1,0,0,0,0,1,1,0,0,1,0,1,0,1,0,59.92999999999998
0,1,0,0,0,0,1,1,0,0,0,0,1,1,0,0,1,0,1,1,0,0,35.01999999999998
0,1,0,0,0,0,1,1,0,0,0,0,1,1,0,0,1,1,0,0,0,1,40.76999999999998
0,1,0,0,0,0,1,1,0,0,0,0,1,1,0,0,1,1,0,0,1,0,50.069999999999965
0,1,0,0,0,0,1,1,0,0,0,0,1,1,0,0,1,1,0,1,0,0,44.12999999999997
0,1,0,0,0,0,1,1,0,0,0,0,1,1,0,1,0,0,1,0,0,1,49.119999999999976
0,1,0,0,0,0,1,1,0,0,0,0,1,1,0,1,0,0,1,0,1,0,48.50999999999996
0,1,0,0,0,0,1,1,0,0,0,0,1,1,0,1,0,0,1,1,0,0,50.099999999999966
0,1,0,0,0,0,1,1,0,0,0,0,1,1,0,1,0,1,0,0,0,1,46.309999999999974
0,1,0,0,0,0,1,1,0,0,0,0,1,1,0,1,0,1,0,0,1,0,45.68999999999997
0,1,0,0,0,0,1,1,0,0,0,0,1,1,0,1,0,1,0,1,0,0,38.74999999999997
0,1,0,0,0,0,1,1,0,0,0,1,0,0,1,0,1,0,1,0,0,1,36.96999999999997
0,1,0,0,0,0,1,1,0,0,0,1,0,0,1,0,1,0,1,0,1,0,41.859999999999985
0,1,0,0,0,0,1,1,0,0,0,1,0,0,1,0,1,0,1,1,0,0,43.329999999999984
0,1,0,0,0,0,1,1,0,0,0,1,0,0,1,0,1,1,0,0,0,1,50.389999999999986
0,1,0,0,0,0,1,1,0,0,0,1,0,0,1,0,1,1,0,0,1,0,46.639999999999986
0,1,0,0,0,0,1,1,0,0,0,1,0,0,1,0,1,1,0,1,0,0,43.849999999999966
0,1,0,0,0,0,1,1,0,0,0,1,0,0,1,1,0,0,1,0,0,1,38.859999999999985
0,1,0,0,0,0,1,1,0,0,0,1,0,0,1,1,0,0,1,0,1,0,44.19999999999996
0,1,0,0,0,0,1,1,0,0,0,1,0,0,1,1,0,0,1,1,0,0,46.99999999999997
0,1,0,0,0,0,1,1,0,0,0,1,0,0,1,1,0,1,0,0,0,1,45.47999999999996
0,1,0,0,0,0,1,1,0,0,0,1,0,0,1,1,0,1,0,0,1,0,44.91999999999996
0,1,0,0,0,0,1,1,0,0,0,1,0,0,1,1,0,1,0,1,0,0,48.359999999999985
0,1,0,0,0,0,1,1,0,0,0,1,0,1,0,0,1,0,1,0,0,1,41.70999999999998
0,1,0,0,0,0,1,1,0,0,0,1,0,1,0,0,1,0,1,0,1,0,53.059999999999974
0,1,0,0,0,0,1,1,0,0,0,1,0,1,0,0,1,0,1,1,0,0,50.66999999999996
0,1,0,0,0,0,1,1,0,0,0,1,0,1,0,0,1,1,0,0,0,1,55.22999999999996
0,1,0,0,0,0,1,1,0,0,0,1,0,1,0,0,1,1,0,0,1,0,50.27999999999997
0,1,0,0,0,0,1,1,0,0,0,1,0,1,0,0,1,1,0,1,0,0,47.04999999999998
0,1,0,0,0,0,1,1,0,0,0,1,0,1,0,1,0,0,1,0,0,1,51.92999999999998
0,1,0,0,0,0,1,1,0,0,0,1,0,1,0,1,0,0,1,0,1,0,45.15999999999997
0,1,0,0,0,0,1,1,0,0,0,1,0,1,0,1,0,0,1,1,0,0,42.37999999999997
0,1,0,0,0,0,1,1,0,0,0,1,0,1,0,1,0,1,0,0,0,1,43.47999999999996
0,1,0,0,0,0,1,1,0,0,0,1,0,1,0,1,0,1,0,0,1,0,52.21999999999997
0,1,0,0,0,0,1,1,0,0,0,1,0,1,0,1,0,1,0,1,0,0,45.22999999999996
0,1,0,0,0,0,1,1,0,0,1,0,0,0,1,0,1,0,1,0,0,1,57.44999999999996
0,1,0,0,0,0,1,1,0,0,1,0,0,0,1,0,1,0,1,0,1,0,40.569999999999965
0,1,0,0,0,0,1,1,0,0,1,0,0,0,1,0,1,0,1,1,0,0,47.829999999999984
0,1,0,0,0,0,1,1,0,0,1,0,0,0,1,0,1,1,0,0,0,1,48.27999999999997
0,1,0,0,0,0,1,1,0,0,1,0,0,0,1,0,1,1,0,0,1,0,36.589999999999975
0,1,0,0,0,0,1,1,0,0,1,0,0,0,1,0,1,1,0,1,0,0,52.04999999999998
0,1,0,0,0,0,1,1,0,0,1,0,0,0,1,1,0,0,1,0,0,1,49.039999999999964
0,1,0,0,0,0,1,1,0,0,1,0,0,0,1,1,0,0,1,0,1,0,39.99999999999997
0,1,0,0,0,0,1,1,0,0,1,0,0,0,1,1,0,0,1,1,0,0,58.66999999999996
0,1,0,0,0,0,1,1,0,0,1,0,0,0,1,1,0,1,0,0,0,1,52.559999999999974
0,1,0,0,0,0,1,1,0,0,1,0,0,0,1,1,0,1,0,0,1,0,51.329999999999984
0,1,0,0,0,0,1,1,0,0,1,0,0,0,1,1,0,1,0,1,0,0,54.27999999999997
0,1,0,0,0,0,1,1,0,0,1,0,0,1,0,0,1,0,1,0,0,1,43.25999999999996
0,1,0,0,0,0,1,1,0,0,1,0,0,1,0,0,1,0,1,0,1,0,48.74999999999997
0,1,0,0,0,0,1,1,0,0,1,0,0,1,0,0,1,0,1,1,0,0,42.12999999999997
0,1,0,0,0,0,1,1,0,0,1,0,0,1,0,0,1,1,0,0,0,1,54.089999999999975
0,1,0,0,0,0,1,1,0,0,1,0,0,1,0,0,1,1,0,0,1,0,47.609999999999985
0,1,0,0,0,0,1,1,0,0,1,0,0,1,0,0,1,1,0,1,0,0,60.65999999999997
0,1,0,0,0,0,1,1,0,0,1,0,0,1,0,1,0,0,1,0,0,1,60.25999999999996
0,1,0,0,0,0,1,1,0,0,1,0,0,1,0,1,0,0,1,0,1,0,41.47999999999996
0,1,0,0,0,0,1,1,0,0,1,0,0,1,0,1,0,0,1,1,0,0,40.70999999999998
0,1,0,0,0,0,1,1,0,0,1,0,0,1,0,1,0,1,0,0,0,1,44.559999999999974
0,1,0,0,0,0,1,1,0,0,1,0,0,1,0,1,0,1,0,0,1,0,46.71999999999997
0,1,0,0,0,0,1,1,0,0,1,0,0,1,0,1,0,1,0,1,0,0,59.62999999999997
0,1,0,0,0,1,0,0,0,1,0,0,1,0,1,0,1,0,1,0,0,1,53.67999999999998
0,1,0,0,0,1,0,0,0,1,0,0,1,0,1,0,1,0,1,0,1,0,61.98999999999998
0,1,0,0,0,1,0,0,0,1,0,0,1,0,1,0,1,0,1,1,0,0,44.389999999999986
0,1,0,0,0,1,0,0,0,1,0,0,1,0,1,0,1,1,0,0,0,1,39.139999999999986
0,1,0,0,0,1,0,0,0,1,0,0,1,0,1,0,1,1,0,0,1,0,46.369999999999976
0,1,0,0,0,1,0,0,0,1,0,0,1,0,1,0,1,1,0,1,0,0,42.99999999999997
0,1,0,0,0,1,0,0,0,1,0,0,1,0,1,1,0,0,1,0,0,1,53.74999999999997
0,1,0,0,0,1,0,0,0,1,0,0,1,0,1,1,0,0,1,0,1,0,51.059999999999974
0,1,0,0,0,1,0,0,0,1,0,0,1,0,1,1,0,0,1,1,0,0,35.14999999999998
0,1,0,0,0,1,0,0,0,1,0,0,1,0,1,1,0,1,0,0,0,1,40.17999999999998
0,1,0,0,0,1,0,0,0,1,0,0,1,0,1,1,0,1,0,0,1,0,37.75999999999996
0,1,0,0,0,1,0,0,0,1,0,0,1,0,1,1,0,1,0,1,0,0,48.23999999999998
0,1,0,0,0,1,0,0,0,1,0,0,1,1,0,0,1,0,1,0,0,1,38.589999999999975
0,1,0,0,0,1,0,0,0,1,0,0,1,1,0,0,1,0,1,0,1,0,52.24999999999997
0,1,0,0,0,1,0,0,0,1,0,0,1,1,0,0,1,0,1,1,0,0,50.51999999999998
0,1,0,0,0,1,0,0,0,1,0,0,1,1,0,0,1,1,0,0,0,1,45.109999999999985
0,1,0,0,0,1,0,0,0,1,0,0,1,1,0,0,1,1,0,0,1,0,46.94999999999996
0,1,0,0,0,1,0,0,0,1,0,0,1,1,0,0,1,1,0,1,0,0,42.49999999999997
0,1,0,0,0,1,0,0,0,1,0,0,1,1,0,1,0,0,1,0,0,1,49.44999999999996
0,1,0,0,0,1,0,0,0,1,0,0,1,1,0,1,0,0,1,0,1,0,45.79999999999998
0,1,0,0,0,1,0,0,0,1,0,0,1,1,0,1,0,0,1,1,0,0,46.43999999999997
0,1,0,0,0,1,0,0,0,1,0,0,1,1,0,1,0,1,0,0,0,1,52.62999999999997
0,1,0,0,0,1,0,0,0,1,0,0,1,1,0,1,0,1,0,0,1,0,46.29999999999998
0,1,0,0,0,1,0,0,0,1,0,0,1,1,0,1,0,1,0,1,0,0,42.619999999999976
0,1,0,0,0,1,0,0,0,1,0,1,0,0,1,0,1,0,1,0,0,1,49.62999999999997
0,1,0,0,0,1,0,0,0,1,0,1,0,0,1,0,1,0,1,0,1,0,31.629999999999967
0,1,0,0,0,1,0,0,0,1,0,1,0,0,1,0,1,0,1,1,0,0,43.49999999999997
0,1,0,0,0,1,0,0,0,1,0,1,0,0,1,0,1,1,0,0,0,1,50.44999999999996
0,1,0,0,0,1,0,0,0,1,0,1,0,0,1,0,1,1,0,0,1,0,45.24999999999997
0,1,0,0,0,1,0,0,0,1,0,1,0,0,1,0,1,1,0,1,0,0,48.67999999999998
0,1,0,0,0,1,0,0,0,1,0,1,0,0,1,1,0,0,1,0,0,1,48.23999999999998
0,1,0,0,0,1,0,0,0,1,0,1,0,0,1,1,0,0,1,0,1,0,66.02999999999997
0,1,0,0,0,1,0,0,0,1,0,1,0,0,1,1,0,0,1,1,0,0,69.49999999999997
0,1,0,0,0,1,0,0,0,1,0,1,0,0,1,1,0,1,0,0,0,1,70.40999999999997
0,1,0,0,0,1,0,0,0,1,0,1,0,0,1,1,0,1,0,0,1,0,74.82999999999998
0,1,0,0,0,1,0,0,0,1,0,1,0,0,1,1,0,1,0,1,0,0,40.74999999999997
0,1,0,0,0,1,0,0,0,1,0,1,0,1,0,0,1,0,1,0,0,1,44.93999999999997
0,1,0,0,0,1,0,0,0,1,0,1,0,1,0,0,1,0,1,0,1,0,46.599999999999966
0,1,0,0,0,1,0,0,0,1,0,1,0,1,0,0,1,0,1,1,0,0,50.15999999999997
0,1,0,0,0,1,0,0,0,1,0,1,0,1,0,0,1,1,0,0,0,1,60.75999999999996
0,1,0,0,0,1,0,0,0,1,0,1,0,1,0,0,1,1,0,0,1,0,54.22999999999996
0,1,0,0,0,1,0,0,0,1,0,1,0,1,0,0,1,1,0,1,0,0,39.51999999999998
0,1,0,0,0,1,0,0,0,1,0,1,0,1,0,1,0,0,1,0,0,1,51.839999999999975
0,1,0,0,0,1,0,0,0,1,0,1,0,1,0,1,0,0,1,0,1,0,42.339999999999975
0,1,0,0,0,1,0,0,0,1,0,1,0,1,0,1,0,0,1,1,0,0,43.75999999999996
0,1,0,0,0,1,0,0,0,1,0,1,0,1,0,1,0,1,0,0,0,1,44.91999999999996
0,1,0,0,0,1,0,0,0,1,0,1,0,1,0,1,0,1,0,0,1,0,46.87999999999997
0,1,0,0,0,1,0,0,0,1,0,1,0,1,0,1,0,1,0,1,0,0,55.99999999999997
0,1,0,0,0,1,0,0,0,1,1,0,0,0,1,0,1,0,1,0,0,1,45.829999999999984
0,1,0,0,0,1,0,0,0,1,1,0,0,0,1,0,1,0,1,0,1,0,60.37999999999997
0,1,0,0,0,1,0,0,0,1,1,0,0,0,1,0,1,0,1,1,0,0,60.44999999999996
0,1,0,0,0,1,0,0,0,1,1,0,0,0,1,0,1,1,0,0,0,1,67.78999999999996
0,1,0,0,0,1,0,0,0,1,1,0,0,0,1,0,1,1,0,0,1,0,54.139999999999986
0,1,0,0,0,1,0,0,0,1,1,0,0,0,1,0,1,1,0,1,0,0,38.17999999999998
0,1,0,0,0,1,0,0,0,1,1,0,0,0,1,1,0,0,1,0,0,1,38.64999999999998
0,1,0,0,0,1,0,0,0,1,1,0,0,0,1,1,0,0,1,0,1,0,46.889999999999986
0,1,0,0,0,1,0,0,0,1,1,0,0,0,1,1,0,0,1,1,0,0,51.16999999999996
0,1,0,0,0,1,0,0,0,1,1,0,0,0,1,1,0,1,0,0,0,1,48.04999999999998
0,1,0,0,0,1,0,0,0,1,1,0,0,0,1,1,0,1,0,0,1,0,50.37999999999997
0,1,0,0,0,1,0,0,0,1,1,0,0,0,1,1,0,1,0,1,0,0,60.67999999999998
0,1,0,0,0,1,0,0,0,1,1,0,0,1,0,0,1,0,1,0,0,1,67.42999999999998
0,1,0,0,0,1,0,0,0,1,1,0,0,1,0,0,1,0,1,0,1,0,65.62999999999997
0,1,0,0,0,1,0,0,0,1,1,0,0,1,0,0,1,0,1,1,0,0,63.039999999999964
0,1,0,0,0,1,0,0,0,1,1,0,0,1,0,0,1,1,0,0,0,1,55.589999999999975
0,1,0,0,0,1,0,0,0,1,1,0,0,1,0,0,1,1,0,0,1,0,48.66999999999996
0,1,0,0,0,1,0,0,0,1,1,0,0,1,0,0,1,1,0,1,0,0,35.54999999999998
0,1,0,0,0,1,0,0,0,1,1,0,0,1,0,1,0,0,1,0,0,1,43.539999999999964
0,1,0,0,0,1,0,0,0,1,1,0,0,1,0,1,0,0,1,0,1,0,53.639999999999986
0,1,0,0,0,1,0,0,0,1,1,0,0,1,0,1,0,0,1,1,0,0,33.70999999999998
0,1,0,0,0,1,0,0,0,1,1,0,0,1,0,1,0,1,0,0,0,1,48.079999999999984
0,1,0,0,0,1,0,0,0,1,1,0,0,1,0,1,0,1,0,0,1,0,53.839999999999975
0,1,0,0,0,1,0,0,0,1,1,0,0,1,0,1,0,1,0,1,0,0,67.09999999999997
0,1,0,0,0,1,0,0,1,0,0,0,1,0,1,0,1,0,1,0,0,1,78.86999999999998
0,1,0,0,0,1,0,0,1,0,0,0,1,0,1,0,1,0,1,0,1,0,71.86999999999998
0,1,0,0,0,1,0,0,1,0,0,0,1,0,1,0,1,0,1,1,0,0,53.099999999999966
0,1,0,0,0,1,0,0,1,0,0,0,1,0,1,0,1,1,0,0,0,1,48.71999999999997
0,1,0,0,0,1,0,0,1,0,0,0,1,0,1,0,1,1,0,0,1,0,47.789999999999964
0,1,0,0,0,1,0,0,1,0,0,0,1,0,1,0,1,1,0,1,0,0,41.52999999999997
0,1,0,0,0,1,0,0,1,0,0,0,1,0,1,1,0,0,1,0,0,1,43.609999999999985
0,1,0,0,0,1,0,0,1,0,0,0,1,0,1,1,0,0,1,0,1,0,44.859999999999985
0,1,0,0,0,1,0,0,1,0,0,0,1,0,1,1,0,0,1,1,0,0,59.75999999999996
0,1,0,0,0,1,0,0,1,0,0,0,1,0,1,1,0,1,0,0,0,1,57.17999999999998
0,1,0,0,0,1,0,0,1,0,0,0,1,0,1,1,0,1,0,0,1,0,51.26999999999998
0,1,0,0,0,1,0,0,1,0,0,0,1,0,1,1,0,1,0,1,0,0,56.64999999999998
0,1,0,0,0,1,0,0,1,0,0,0,1,1,0,0,1,0,1,0,0,1,68.52999999999997
0,1,0,0,0,1,0,0,1,0,0,0,1,1,0,0,1,0,1,0,1,0,57.04999999999998
0,1,0,0,0,1,0,0,1,0,0,0,1,1,0,0,1,0,1,1,0,0,61.26999999999998
0,1,0,0,0,1,0,0,1,0,0,0,1,1,0,0,1,1,0,0,0,1,44.16999999999996
0,1,0,0,0,1,0,0,1,0,0,0,1,1,0,0,1,1,0,0,1,0,41.51999999999998
0,1,0,0,0,1,0,0,1,0,0,0,1,1,0,0,1,1,0,1,0,0,37.96999999999997
0,1,0,0,0,1,0,0,1,0,0,0,1,1,0,1,0,0,1,0,0,1,57.69999999999996
0,1,0,0,0,1,0,0,1,0,0,0,1,1,0,1,0,0,1,0,1,0,55.29999999999998
0,1,0,0,0,1,0,0,1,0,0,0,1,1,0,1,0,0,1,1,0,0,52.99999999999997
0,1,0,0,0,1,0,0,1,0,0,0,1,1,0,1,0,1,0,0,0,1,68.36999999999998
0,1,0,0,0,1,0,0,1,0,0,0,1,1,0,1,0,1,0,0,1,0,67.42999999999998
0,1,0,0,0,1,0,0,1,0,0,0,1,1,0,1,0,1,0,1,0,0,56.95999999999998
0,1,0,0,0,1,0,0,1,0,0,1,0,0,1,0,1,0,1,0,0,1,43.92999999999998
0,1,0,0,0,1,0,0,1,0,0,1,0,0,1,0,1,0,1,0,1,0,48.48999999999998
0,1,0,0,0,1,0,0,1,0,0,1,0,0,1,0,1,0,1,1,0,0,32.64999999999998
0,1,0,0,0,1,0,0,1,0,0,1,0,0,1,0,1,1,0,0,0,1,36.599999999999966
0,1,0,0,0,1,0,0,1,0,0,1,0,0,1,0,1,1,0,0,1,0,44.91999999999996
0,1,0,0,0,1,0,0,1,0,0,1,0,0,1,0,1,1,0,1,0,0,59.079999999999984
0,1,0,0,0,1,0,0,1,0,0,1,0,0,1,1,0,0,1,0,0,1,55.98999999999998
0,1,0,0,0,1,0,0,1,0,0,1,0,0,1,1,0,0,1,0,1,0,35.02999999999997
0,1,0,0,0,1,0,0,1,0,0,1,0,0,1,1,0,0,1,1,0,0,46.02999999999997
0,1,0,0,0,1,0,0,1,0,0,1,0,0,1,1,0,1,0,0,0,1,47.00999999999996
0,1,0,0,0,1,0,0,1,0,0,1,0,0,1,1,0,1,0,0,1,0,39.289999999999964
0,1,0,0,0,1,0,0,1,0,0,1,0,0,1,1,0,1,0,1,0,0,44.289999999999964
0,1,0,0,0,1,0,0,1,0,0,1,0,1,0,0,1,0,1,0,0,1,47.15999999999997
0,1,0,0,0,1,0,0,1,0,0,1,0,1,0,0,1,0,1,0,1,0,41.69999999999996
0,1,0,0,0,1,0,0,1,0,0,1,0,1,0,0,1,0,1,1,0,0,44.21999999999997
0,1,0,0,0,1,0,0,1,0,0,1,0,1,0,0,1,1,0,0,0,1,40.389999999999986
0,1,0,0,0,1,0,0,1,0,0,1,0,1,0,0,1,1,0,0,1,0,47.65999999999997
0,1,0,0,0,1,0,0,1,0,0,1,0,1,0,0,1,1,0,1,0,0,60.40999999999997
0,1,0,0,0,1,0,0,1,0,0,1,0,1,0,1,0,0,1,0,0,1,56.18999999999997
0,1,0,0,0,1,0,0,1,0,0,1,0,1,0,1,0,0,1,0,1,0,49.079999999999984
0,1,0,0,0,1,0,0,1,0,0,1,0,1,0,1,0,0,1,1,0,0,41.22999999999996
0,1,0,0,0,1,0,0,1,0,0,1,0,1,0,1,0,1,0,0,0,1,48.359999999999985
0,1,0,0,0,1,0,0,1,0,0,1,0,1,0,1,0,1,0,0,1,0,50.109999999999985
0,1,0,0,0,1,0,0,1,0,0,1,0,1,0,1,0,1,0,1,0,0,44.039999999999964
0,1,0,0,0,1,0,0,1,0,1,0,0,0,1,0,1,0,1,0,0,1,48.27999999999997
0,1,0,0,0,1,0,0,1,0,1,0,0,0,1,0,1,0,1,0,1,0,43.97999999999996
0,1,0,0,0,1,0,0,1,0,1,0,0,0,1,0,1,0,1,1,0,0,42.289999999999964
0,1,0,0,0,1,0,0,1,0,1,0,0,0,1,0,1,1,0,0,0,1,40.67999999999998
0,1,0,0,0,1,0,0,1,0,1,0,0,0,1,0,1,1,0,0,1,0,31.95999999999998
0,1,0,0,0,1,0,0,1,0,1,0,0,0,1,0,1,1,0,1,0,0,53.27999999999997
0,1,0,0,0,1,0,0,1,0,1,0,0,0,1,1,0,0,1,0,0,1,33.00999999999996
0,1,0,0,0,1,0,0,1,0,1,0,0,0,1,1,0,0,1,0,1,0,40.109999999999985
0,1,0,0,0,1,0,0,1,0,1,0,0,0,1,1,0,0,1,1,0,0,45.29999999999998
0,1,0,0,0,1,0,0,1,0,1,0,0,0,1,1,0,1,0,0,0,1,52.72999999999996
0,1,0,0,0,1,0,0,1,0,1,0,0,0,1,1,0,1,0,0,1,0,56.54999999999998
0,1,0,0,0,1,0,0,1,0,1,0,0,0,1,1,0,1,0,1,0,0,47.90999999999997
0,1,0,0,0,1,0,0,1,0,1,0,0,1,0,0,1,0,1,0,0,1,42.609999999999985
0,1,0,0,0,1,0,0,1,0,1,0,0,1,0,0,1,0,1,0,1,0,53.059999999999974
0,1,0,0,0,1,0,0,1,0,1,0,0,1,0,0,1,0,1,1,0,0,46.96999999999997
0,1,0,0,0,1,0,0,1,0,1,0,0,1,0,0,1,1,0,0,0,1,50.109999999999985
0,1,0,0,0,1,0,0,1,0,1,0,0,1,0,0,1,1,0,0,1,0,41.17999999999998
0,1,0,0,0,1,0,0,1,0,1,0,0,1,0,0,1,1,0,1,0,0,42.93999999999997
0,1,0,0,0,1,0,0,1,0,1,0,0,1,0,1,0,0,1,0,0,1,48.79999999999998
0,1,0,0,0,1,0,0,1,0,1,0,0,1,0,1,0,0,1,0,1,0,59.48999999999998
0,1,0,0,0,1,0,0,1,0,1,0,0,1,0,1,0,0,1,1,0,0,39.859999999999985
0,1,0,0,0,1,0,0,1,0,1,0,0,1,0,1,0,1,0,0,0,1,45.79999999999998
0,1,0,0,0,1,0,0,1,0,1,0,0,1,0,1,0,1,0,0,1,0,52.98999999999998
0,1,0,0,0,1,0,0,1,0,1,0,0,1,0,1,0,1,0,1,0,0,54.47999999999996
0,1,0,0,0,1,0,1,0,0,0,0,1,0,1,0,1,0,1,0,0,1,51.64999999999998
0,1,0,0,0,1,0,1,0,0,0,0,1,0,1,0,1,0,1,0,1,0,36.389999999999986
0,1,0,0,0,1,0,1,0,0,0,0,1,0,1,0,1,0,1,1,0,0,42.39999999999998
0,1,0,0,0,1,0,1,0,0,0,0,1,0,1,0,1,1,0,0,0,1,41.46999999999997
0,1,0,0,0,1,0,1,0,0,0,0,1,0,1,0,1,1,0,0,1,0,46.22999999999996
0,1,0,0,0,1,0,1,0,0,0,0,1,0,1,0,1,1,0,1,0,0,45.18999999999997
0,1,0,0,0,1,0,1,0,0,0,0,1,0,1,1,0,0,1,0,0,1,41.849999999999966
0,1,0,0,0,1,0,1,0,0,0,0,1,0,1,1,0,0,1,0,1,0,44.619999999999976
0,1,0,0,0,1,0,1,0,0,0,0,1,0,1,1,0,0,1,1,0,0,66.86999999999998
0,1,0,0,0,1,0,1,0,0,0,0,1,0,1,1,0,1,0,0,0,1,80.88999999999999
0,1,0,0,0,1,0,1,0,0,0,0,1,0,1,1,0,1,0,0,1,0,51.46999999999997
0,1,0,0,0,1,0,1,0,0,0,0,1,0,1,1,0,1,0,1,0,0,49.40999999999997
0,1,0,0,0,1,0,1,0,0,0,0,1,1,0,0,1,0,1,0,0,1,30.659999999999968
0,1,0,0,0,1,0,1,0,0,0,0,1,1,0,0,1,0,1,0,1,0,44.609999999999985
0,1,0,0,0,1,0,1,0,0,0,0,1,1,0,0,1,0,1,1,0,0,48.15999999999997
0,1,0,0,0,1,0,1,0,0,0,0,1,1,0,0,1,1,0,0,0,1,53.14999999999998
0,1,0,0,0,1,0,1,0,0,0,0,1,1,0,0,1,1,0,0,1,0,53.75999999999996
0,1,0,0,0,1,0,1,0,0,0,0,1,1,0,0,1,1,0,1,0,0,50.389999999999986
0,1,0,0,0,1,0,1,0,0,0,0,1,1,0,1,0,0,1,0,0,1,60.72999999999996
0,1,0,0,0,1,0,1,0,0,0,0,1,1,0,1,0,0,1,0,1,0,70.35999999999999
0,1,0,0,0,1,0,1,0,0,0,0,1,1,0,1,0,0,1,1,0,0,50.339999999999975
0,1,0,0,0,1,0,1,0,0,0,0,1,1,0,1,0,1,0,0,0,1,55.02999999999997
0,1,0,0,0,1,0,1,0,0,0,0,1,1,0,1,0,1,0,0,1,0,42.539999999999964
0,1,0,0,0,1,0,1,0,0,0,0,1,1,0,1,0,1,0,1,0,0,38.069999999999965
0,1,0,0,0,1,0,1,0,0,0,1,0,0,1,0,1,0,1,0,0,1,49.16999999999996
0,1,0,0,0,1,0,1,0,0,0,1,0,0,1,0,1,0,1,0,1,0,52.39999999999998
0,1,0,0,0,1,0,1,0,0,0,1,0,0,1,0,1,0,1,1,0,0,67.48999999999998
0,1,0,0,0,1,0,1,0,0,0,1,0,0,1,0,1,1,0,0,0,1,75.18999999999997
0,1,0,0,0,1,0,1,0,0,0,1,0,0,1,0,1,1,0,0,1,0,73.16999999999996
0,1,0,0,0,1,0,1,0,0,0,1,0,0,1,0,1,1,0,1,0,0,60.22999999999996
0,1,0,0,0,1,0,1,0,0,0,1,0,0,1,1,0,0,1,0,0,1,41.14999999999998
0,1,0,0,0,1,0,1,0,0,0,1,0,0,1,1,0,0,1,0,1,0,37.49999999999997
0,1,0,0,0,1,0,1,0,0,0,1,0,0,1,1,0,0,1,1,0,0,35.579999999999984
0,1,0,0,0,1,0,1,0,0,0,1,0,0,1,1,0,1,0,0,0,1,43.97999999999996
0,1,0,0,0,1,0,1,0,0,0,1,0,0,1,1,0,1,0,0,1,0,52.45999999999998
0,1,0,0,0,1,0,1,0,0,0,1,0,0,1,1,0,1,0,1,0,0,60.79999999999998
0,1,0,0,0,1,0,1,0,0,0,1,0,1,0,0,1,0,1,0,0,1,45.289999999999964
0,1,0,0,0,1,0,1,0,0,0,1,0,1,0,0,1,0,1,0,1,0,53.42999999999998
0,1,0,0,0,1,0,1,0,0,0,1,0,1,0,0,1,0,1,1,0,0,41.95999999999998
0,1,0,0,0,1,0,1,0,0,0,1,0,1,0,0,1,1,0,0,0,1,46.18999999999997
0,1,0,0,0,1,0,1,0,0,0,1,0,1,0,0,1,1,0,0,1,0,39.91999999999996
0,1,0,0,0,1,0,1,0,0,0,1,0,1,0,0,1,1,0,1,0,0,57.40999999999997
0,1,0,0,0,1,0,1,0,0,0,1,0,1,0,1,0,0,1,0,0,1,64.48999999999998
0,1,0,0,0,1,0,1,0,0,0,1,0,1,0,1,0,0,1,0,1,0,53.119999999999976
0,1,0,0,0,1,0,1,0,0,0,1,0,1,0,1,0,0,1,1,0,0,41.97999999999996
0,1,0,0,0,1,0,1,0,0,0,1,0,1,0,1,0,1,0,0,0,1,37.52999999999997
0,1,0,0,0,1,0,1,0,0,0,1,0,1,0,1,0,1,0,0,1,0,40.54999999999998
0,1,0,0,0,1,0,1,0,0,0,1,0,1,0,1,0,1,0,1,0,0,47.099999999999966
0,1,0,0,0,1,0,1,0,0,1,0,0,0,1,0,1,0,1,0,0,1,47.95999999999998
0,1,0,0,0,1,0,1,0,0,1,0,0,0,1,0,1,0,1,0,1,0,36.289999999999964
0,1,0,0,0,1,0,1,0,0,1,0,0,0,1,0,1,0,1,1,0,0,46.69999999999996
0,1,0,0,0,1,0,1,0,0,1,0,0,0,1,0,1,1,0,0,0,1,50.71999999999997
0,1,0,0,0,1,0,1,0,0,1,0,0,0,1,0,1,1,0,0,1,0,47.26999999999998
0,1,0,0,0,1,0,1,0,0,1,0,0,0,1,0,1,1,0,1,0,0,44.599999999999966
0,1,0,0,0,1,0,1,0,0,1,0,0,0,1,1,0,0,1,0,0,1,55.65999999999997
0,1,0,0,0,1,0,1,0,0,1,0,0,0,1,1,0,0,1,0,1,0,63.26999999999998
0,1,0,0,0,1,0,1,0,0,1,0,0,0,1,1,0,0,1,1,0,0,52.099999999999966
0,1,0,0,0,1,0,1,0,0,1,0,0,0,1,1,0,1,0,0,0,1,59.26999999999998
0,1,0,0,0,1,0,1,0,0,1,0,0,0,1,1,0,1,0,0,1,0,45.92999999999998
0,1,0,0,0,1,0,1,0,0,1,0,0,0,1,1,0,1,0,1,0,0,48.089999999999975
0,1,0,0,0,1,0,1,0,0,1,0,0,1,0,0,1,0,1,0,0,1,37.49999999999997
0,1,0,0,0,1,0,1,0,0,1,0,0,1,0,0,1,0,1,0,1,0,50.94999999999996
0,1,0,0,0,1,0,1,0,0,1,0,0,1,0,0,1,0,1,1,0,0,51.54999999999998
0,1,0,0,0,1,0,1,0,0,1,0,0,1,0,0,1,1,0,0,0,1,66.20999999999998
0,1,0,0,0,1,0,1,0,0,1,0,0,1,0,0,1,1,0,0,1,0,59.099999999999966
0,1,0,0,0,1,0,1,0,0,1,0,0,1,0,0,1,1,0,1,0,0,59.52999999999997
0,1,0,0,0,1,0,1,0,0,1,0,0,1,0,1,0,0,1,0,0,1,54.73999999999998
0,1,0,0,0,1,0,1,0,0,1,0,0,1,0,1,0,0,1,0,1,0,42.369999999999976
0,1,0,0,0,1,0,1,0,0,1,0,0,1,0,1,0,0,1,1,0,0,48.52999999999997
0,1,0,0,0,1,0,1,0,0,1,0,0,1,0,1,0,1,0,0,0,1,42.99999999999997
0,1,0,0,0,1,0,1,0,0,1,0,0,1,0,1,0,1,0,0,1,0,52.68999999999997
0,1,0,0,0,1,0,1,0,0,1,0,0,1,0,1,0,1,0,1,0,0,54.559999999999974
0,1,0,0,1,0,0,0,0,1,0,0,1,0,1,0,1,0,1,0,0,1,47.839999999999975
0,1,0,0,1,0,0,0,0,1,0,0,1,0,1,0,1,0,1,0,1,0,45.569999999999965
0,1,0,0,1,0,0,0,0,1,0,0,1,0,1,0,1,0,1,1,0,0,45.44999999999996
0,1,0,0,1,0,0,0,0,1,0,0,1,0,1,0,1,1,0,0,0,1,55.76999999999998
0,1,0,0,1,0,0,0,0,1,0,0,1,0,1,0,1,1,0,0,1,0,41.69999999999996
0,1,0,0,1,0,0,0,0,1,0,0,1,0,1,0,1,1,0,1,0,0,46.79999999999998
0,1,0,0,1,0,0,0,0,1,0,0,1,0,1,1,0,0,1,0,0,1,44.849999999999966
0,1,0,0,1,0,0,0,0,1,0,0,1,0,1,1,0,0,1,0,1,0,47.68999999999997
0,1,0,0,1,0,0,0,0,1,0,0,1,0,1,1,0,0,1,1,0,0,55.12999999999997
0,1,0,0,1,0,0,0,0,1,0,0,1,0,1,1,0,1,0,0,0,1,59.43999999999997
0,1,0,0,1,0,0,0,0,1,0,0,1,0,1,1,0,1,0,0,1,0,54.95999999999998
0,1,0,0,1,0,0,0,0,1,0,0,1,0,1,1,0,1,0,1,0,0,52.50999999999996
0,1,0,0,1,0,0,0,0,1,0,0,1,1,0,0,1,0,1,0,0,1,46.95999999999998
0,1,0,0,1,0,0,0,0,1,0,0,1,1,0,0,1,0,1,0,1,0,47.079999999999984
0,1,0,0,1,0,0,0,0,1,0,0,1,1,0,0,1,0,1,1,0,0,48.97999999999996
0,1,0,0,1,0,0,0,0,1,0,0,1,1,0,0,1,1,0,0,0,1,43.92999999999998
0,1,0,0,1,0,0,0,0,1,0,0,1,1,0,0,1,1,0,0,1,0,50.089999999999975
0,1,0,0,1,0,0,0,0,1,0,0,1,1,0,0,1,1,0,1,0,0,45.92999999999998
0,1,0,0,1,0,0,0,0,1,0,0,1,1,0,1,0,0,1,0,0,1,59.51999999999998
0,1,0,0,1,0,0,0,0,1,0,0,1,1,0,1,0,0,1,0,1,0,55.23999999999998
0,1,0,0,1,0,0,0,0,1,0,0,1,1,0,1,0,0,1,1,0,0,61.97999999999996
0,1,0,0,1,0,0,0,0,1,0,0,1,1,0,1,0,1,0,0,0,1,58.68999999999997
0,1,0,0,1,0,0,0,0,1,0,0,1,1,0,1,0,1,0,0,1,0,57.119999999999976
0,1,0,0,1,0,0,0,0,1,0,0,1,1,0,1,0,1,0,1,0,0,58.329999999999984
0,1,0,0,1,0,0,0,0,1,0,1,0,0,1,0,1,0,1,0,0,1,51.099999999999966
0,1,0,0,1,0,0,0,0,1,0,1,0,0,1,0,1,0,1,0,1,0,46.90999999999997
0,1,0,0,1,0,0,0,0,1,0,1,0,0,1,0,1,0,1,1,0,0,51.21999999999997
0,1,0,0,1,0,0,0,0,1,0,1,0,0,1,0,1,1,0,0,0,1,54.69999999999996
0,1,0,0,1,0,0,0,0,1,0,1,0,0,1,0,1,1,0,0,1,0,68.90999999999997
0,1,0,0,1,0,0,0,0,1,0,1,0,0,1,0,1,1,0,1,0,0,52.95999999999998
0,1,0,0,1,0,0,0,0,1,0,1,0,0,1,1,0,0,1,0,0,1,39.64999999999998
0,1,0,0,1,0,0,0,0,1,0,1,0,0,1,1,0,0,1,0,1,0,49.73999999999998
0,1,0,0,1,0,0,0,0,1,0,1,0,0,1,1,0,0,1,1,0,0,51.069999999999965
0,1,0,0,1,0,0,0,0,1,0,1,0,0,1,1,0,1,0,0,0,1,58.809999999999974
0,1,0,0,1,0,0,0,0,1,0,1,0,0,1,1,0,1,0,0,1,0,46.89999999999998
0,1,0,0,1,0,0,0,0,1,0,1,0,0,1,1,0,1,0,1,0,0,41.93999999999997
0,1,0,0,1,0,0,0,0,1,0,1,0,1,0,0,1,0,1,0,0,1,46.139999999999986
0,1,0,0,1,0,0,0,0,1,0,1,0,1,0,0,1,0,1,0,1,0,40.539999999999964
0,1,0,0,1,0,0,0,0,1,0,1,0,1,0,0,1,0,1,1,0,0,34.29999999999998
0,1,0,0,1,0,0,0,0,1,0,1,0,1,0,0,1,1,0,0,0,1,38.97999999999996
0,1,0,0,1,0,0,0,0,1,0,1,0,1,0,0,1,1,0,0,1,0,39.17999999999998
0,1,0,0,1,0,0,0,0,1,0,1,0,1,0,0,1,1,0,1,0,0,66.53999999999996
0,1,0,0,1,0,0,0,0,1,0,1,0,1,0,1,0,0,1,0,0,1,50.619999999999976
0,1,0,0,1,0,0,0,0,1,0,1,0,1,0,1,0,0,1,0,1,0,38.29999999999998
0,1,0,0,1,0,0,0,0,1,0,1,0,1,0,1,0,0,1,1,0,0,35.809999999999974
0,1,0,0,1,0,0,0,0,1,0,1,0,1,0,1,0,1,0,0,0,1,38.829999999999984
0,1,0,0,1,0,0,0,0,1,0,1,0,1,0,1,0,1,0,0,1,0,44.43999999999997
0,1,0,0,1,0,0,0,0,1,0,1,0,1,0,1,0,1,0,1,0,0,46.64999999999998
0,1,0,0,1,0,0,0,0,1,1,0,0,0,1,0,1,0,1,0,0,1,47.17999999999998
0,1,0,0,1,0,0,0,0,1,1,0,0,0,1,0,1,0,1,0,1,0,43.639999999999986
0,1,0,0,1,0,0,0,0,1,1,0,0,0,1,0,1,0,1,1,0,0,45.589999999999975
0,1,0,0,1,0,0,0,0,1,1,0,0,0,1,0,1,1,0,0,0,1,45.139999999999986
0,1,0,0,1,0,0,0,0,1,1,0,0,0,1,0,1,1,0,0,1,0,41.22999999999996
0,1,0,0,1,0,0,0,0,1,1,0,0,0,1,0,1,1,0,1,0,0,35.619999999999976
0,1,0,0,1,0,0,0,0,1,1,0,0,0,1,1,0,0,1,0,0,1,44.579999999999984
0,1,0,0,1,0,0,0,0,1,1,0,0,0,1,1,0,0,1,0,1,0,56.309999999999974
0,1,0,0,1,0,0,0,0,1,1,0,0,0,1,1,0,0,1,1,0,0,53.119999999999976
0,1,0,0,1,0,0,0,0,1,1,0,0,0,1,1,0,1,0,0,0,1,50.04999999999998
0,1,0,0,1,0,0,0,0,1,1,0,0,0,1,1,0,1,0,0,1,0,43.02999999999997
0,1,0,0,1,0,0,0,0,1,1,0,0,0,1,1,0,1,0,1,0,0,39.37999999999997
0,1,0,0,1,0,0,0,0,1,1,0,0,1,0,0,1,0,1,0,0,1,42.569999999999965
0,1,0,0,1,0,0,0,0,1,1,0,0,1,0,0,1,0,1,0,1,0,52.54999999999998
0,1,0,0,1,0,0,0,0,1,1,0,0,1,0,0,1,0,1,1,0,0,47.369999999999976
0,1,0,0,1,0,0,0,0,1,1,0,0,1,0,0,1,1,0,0,0,1,56.37999999999997
0,1,0,0,1,0,0,0,0,1,1,0,0,1,0,0,1,1,0,0,1,0,28.25
0,1,0,0,1,0,0,0,0,1,1,0,0,1,0,0,1,1,0,1,0,0,53.539999999999964
0,1,0,0,1,0,0,0,0,1,1,0,0,1,0,1,0,0,1,0,0,1,59.65999999999997
0,1,0,0,1,0,0,0,0,1,1,0,0,1,0,1,0,0,1,0,1,0,40.48999999999998
0,1,0,0,1,0,0,0,0,1,1,0,0,1,0,1,0,0,1,1,0,0,43.95999999999998
0,1,0,0,1,0,0,0,0,1,1,0,0,1,0,1,0,1,0,0,0,1,37.90999999999997
0,1,0,0,1,0,0,0,0,1,1,0,0,1,0,1,0,1,0,0,1,0,50.16999999999996
0,1,0,0,1,0,0,0,0,1,1,0,0,1,0,1,0,1,0,1,0,0,58.319999999999965
0,1,0,0,1,0,0,0,1,0,0,0,1,0,1,0,1,0,1,0,0,1,53.889999999999986
0,1,0,0,1,0,0,0,1,0,0,0,1,0,1,0,1,0,1,0,1,0,33.309999999999974
0,1,0,0,1,0,0,0,1,0,0,0,1,0,1,0,1,0,1,1,0,0,31.529999999999973
0,1,0,0,1,0,0,0,1,0,0,0,1,0,1,0,1,1,0,0,0,1,53.67999999999998
0,1,0,0,1,0,0,0,1,0,0,0,1,0,1,0,1,1,0,0,1,0,46.79999999999998
0,1,0,0,1,0,0,0,1,0,0,0,1,0,1,0,1,1,0,1,0,0,52.609999999999985
0,1,0,0,1,0,0,0,1,0,0,0,1,0,1,1,0,0,1,0,0,1,46.339999999999975
0,1,0,0,1,0,0,0,1,0,0,0,1,0,1,1,0,0,1,0,1,0,44.73999999999998
0,1,0,0,1,0,0,0,1,0,0,0,1,0,1,1,0,0,1,1,0,0,49.059999999999974
0,1,0,0,1,0,0,0,1,0,0,0,1,0,1,1,0,1,0,0,0,1,51.67999999999998
0,1,0,0,1,0,0,0,1,0,0,0,1,0,1,1,0,1,0,0,1,0,43.65999999999997
0,1,0,0,1,0,0,0,1,0,0,0,1,0,1,1,0,1,0,1,0,0,44.579999999999984
0,1,0,0,1,0,0,0,1,0,0,0,1,1,0,0,1,0,1,0,0,1,58.079999999999984
0,1,0,0,1,0,0,0,1,0,0,0,1,1,0,0,1,0,1,0,1,0,60.859999999999985
0,1,0,0,1,0,0,0,1,0,0,0,1,1,0,0,1,0,1,1,0,0,64.73999999999998
0,1,0,0,1,0,0,0,1,0,0,0,1,1,0,0,1,1,0,0,0,1,59.109999999999985
0,1,0,0,1,0,0,0,1,0,0,0,1,1,0,0,1,1,0,0,1,0,64.98999999999998
0,1,0,0,1,0,0,0,1,0,0,0,1,1,0,0,1,1,0,1,0,0,43.71999999999997
0,1,0,0,1,0,0,0,1,0,0,0,1,1,0,1,0,0,1,0,0,1,44.96999999999997
0,1,0,0,1,0,0,0,1,0,0,0,1,1,0,1,0,0,1,0,1,0,39.96999999999997
0,1,0,0,1,0,0,0,1,0,0,0,1,1,0,1,0,0,1,1,0,0,46.15999999999997
0,1,0,0,1,0,0,0,1,0,0,0,1,1,0,1,0,1,0,0,0,1,63.66999999999996
0,1,0,0,1,0,0,0,1,0,0,0,1,1,0,1,0,1,0,0,1,0,78.70999999999998
0,1,0,0,1,0,0,0,1,0,0,0,1,1,0,1,0,1,0,1,0,0,76.79999999999998
0,1,0,0,1,0,0,0,1,0,0,1,0,0,1,0,1,0,1,0,0,1,66.55999999999997
0,1,0,0,1,0,0,0,1,0,0,1,0,0,1,0,1,0,1,0,1,0,54.75999999999996
0,1,0,0,1,0,0,0,1,0,0,1,0,0,1,0,1,0,1,1,0,0,44.109999999999985
0,1,0,0,1,0,0,0,1,0,0,1,0,0,1,0,1,1,0,0,0,1,49.849999999999966
0,1,0,0,1,0,0,0,1,0,0,1,0,0,1,0,1,1,0,0,1,0,58.21999999999997
0,1,0,0,1,0,0,0,1,0,0,1,0,0,1,0,1,1,0,1,0,0,46.389999999999986
0,1,0,0,1,0,0,0,1,0,0,1,0,0,1,1,0,0,1,0,0,1,49.059999999999974
0,1,0,0,1,0,0,0,1,0,0,1,0,0,1,1,0,0,1,0,1,0,39.39999999999998
0,1,0,0,1,0,0,0,1,0,0,1,0,0,1,1,0,0,1,1,0,0,32.789999999999964
0,1,0,0,1,0,0,0,1,0,0,1,0,0,1,1,0,1,0,0,0,1,47.16999999999996
0,1,0,0,1,0,0,0,1,0,0,1,0,0,1,1,0,1,0,0,1,0,40.569999999999965
0,1,0,0,1,0,0,0,1,0,0,1,0,0,1,1,0,1,0,1,0,0,43.329999999999984
0,1,0,0,1,0,0,0,1,0,0,1,0,1,0,0,1,0,1,0,0,1,48.039999999999964
0,1,0,0,1,0,0,0,1,0,0,1,0,1,0,0,1,0,1,0,1,0,59.64999999999998
0,1,0,0,1,0,0,0,1,0,0,1,0,1,0,0,1,0,1,1,0,0,46.339999999999975
0,1,0,0,1,0,0,0,1,0,0,1,0,1,0,0,1,1,0,0,0,1,48.97999999999996
0,1,0,0,1,0,0,0,1,0,0,1,0,1,0,0,1,1,0,0,1,0,61.369999999999976
0,1,0,0,1,0,0,0,1,0,0,1,0,1,0,0,1,1,0,1,0,0,41.819999999999965
0,1,0,0,1,0,0,0,1,0,0,1,0,1,0,1,0,0,1,0,0,1,37.90999999999997
0,1,0,0,1,0,0,0,1,0,0,1,0,1,0,1,0,0,1,0,1,0,57.19999999999996
0,1,0,0,1,0,0,0,1,0,0,1,0,1,0,1,0,0,1,1,0,0,62.00999999999996
0,1,0,0,1,0,0,0,1,0,0,1,0,1,0,1,0,1,0,0,0,1,74.75999999999996
0,1,0,0,1,0,0,0,1,0,0,1,0,1,0,1,0,1,0,0,1,0,55.079999999999984
0,1,0,0,1,0,0,0,1,0,0,1,0,1,0,1,0,1,0,1,0,0,40.589999999999975
0,1,0,0,1,0,0,0,1,0,1,0,0,0,1,0,1,0,1,0,0,1,56.119999999999976
0,1,0,0,1,0,0,0,1,0,1,0,0,0,1,0,1,0,1,0,1,0,48.12999999999997
0,1,0,0,1,0,0,0,1,0,1,0,0,0,1,0,1,0,1,1,0,0,44.70999999999998
0,1,0,0,1,0,0,0,1,0,1,0,0,0,1,0,1,1,0,0,0,1,67.48999999999998
0,1,0,0,1,0,0,0,1,0,1,0,0,0,1,0,1,1,0,0,1,0,52.139999999999986
0,1,0,0,1,0,0,0,1,0,1,0,0,0,1,0,1,1,0,1,0,0,50.21999999999997
0,1,0,0,1,0,0,0,1,0,1,0,0,0,1,1,0,0,1,0,0,1,39.359999999999985
0,1,0,0,1,0,0,0,1,0,1,0,0,0,1,1,0,0,1,0,1,0,43.70999999999998
0,1,0,0,1,0,0,0,1,0,1,0,0,0,1,1,0,0,1,1,0,0,44.51999999999998
0,1,0,0,1,0,0,0,1,0,1,0,0,0,1,1,0,1,0,0,0,1,46.40999999999997
0,1,0,0,1,0,0,0,1,0,1,0,0,0,1,1,0,1,0,0,1,0,60.16999999999996
0,1,0,0,1,0,0,0,1,0,1,0,0,0,1,1,0,1,0,1,0,0,51.539999999999964
0,1,0,0,1,0,0,0,1,0,1,0,0,1,0,0,1,0,1,0,0,1,36.64999999999998
0,1,0,0,1,0,0,0,1,0,1,0,0,1,0,0,1,0,1,0,1,0,50.889999999999986
0,1,0,0,1,0,0,0,1,0,1,0,0,1,0,0,1,0,1,1,0,0,39.87999999999997
0,1,0,0,1,0,0,0,1,0,1,0,0,1,0,0,1,1,0,0,0,1,46.75999999999996
0,1,0,0,1,0,0,0,1,0,1,0,0,1,0,0,1,1,0,0,1,0,42.539999999999964
0,1,0,0,1,0,0,0,1,0,1,0,0,1,0,0,1,1,0,1,0,0,55.109999999999985
0,1,0,0,1,0,0,0,1,0,1,0,0,1,0,1,0,0,1,0,0,1,39.889999999999986
0,1,0,0,1,0,0,0,1,0,1,0,0,1,0,1,0,0,1,0,1,0,37.45999999999998
0,1,0,0,1,0,0,0,1,0,1,0,0,1,0,1,0,0,1,1,0,0,47.75999999999996
0,1,0,0,1,0,0,0,1,0,1,0,0,1,0,1,0,1,0,0,0,1,48.96999999999997
0,1,0,0,1,0,0,0,1,0,1,0,0,1,0,1,0,1,0,0,1,0,47.50999999999996
0,1,0,0,1,0,0,0,1,0,1,0,0,1,0,1,0,1,0,1,0,0,49.889999999999986
0,1,0,0,1,0,0,1,0,0,0,0,1,0,1,0,1,0,1,0,0,1,48.289999999999964
0,1,0,0,1,0,0,1,0,0,0,0,1,0,1,0,1,0,1,0,1,0,45.50999999999996
0,1,0,0,1,0,0,1,0,0,0,0,1,0,1,0,1,0,1,1,0,0,51.73999999999998
0,1,0,0,1,0,0,1,0,0,0,0,1,0,1,0,1,1,0,0,0,1,48.70999999999998
0,1,0,0,1,0,0,1,0,0,0,0,1,0,1,0,1,1,0,0,1,0,47.569999999999965
0,1,0,0,1,0,0,1,0,0,0,0,1,0,1,0,1,1,0,1,0,0,42.119999999999976
0,1,0,0,1,0,0,1,0,0,0,0,1,0,1,1,0,0,1,0,0,1,38.90999999999997
0,1,0,0,1,0,0,1,0,0,0,0,1,0,1,1,0,0,1,0,1,0,53.49999999999997
0,1,0,0,1,0,0,1,0,0,0,0,1,0,1,1,0,0,1,1,0,0,57.72999999999996
0,1,0,0,1,0,0,1,0,0,0,0,1,0,1,1,0,1,0,0,0,1,46.25999999999996
0,1,0,0,1,0,0,1,0,0,0,0,1,0,1,1,0,1,0,0,1,0,36.99999999999997
0,1,0,0,1,0,0,1,0,0,0,0,1,0,1,1,0,1,0,1,0,0,35.39999999999998
0,1,0,0,1,0,0,1,0,0,0,0,1,1,0,0,1,0,1,0,0,1,37.17999999999998
0,1,0,0,1,0,0,1,0,0,0,0,1,1,0,0,1,0,1,0,1,0,37.97999999999996
0,1,0,0,1,0,0,1,0,0,0,0,1,1,0,0,1,0,1,1,0,0,57.829999999999984
0,1,0,0,1,0,0,1,0,0,0,0,1,1,0,0,1,1,0,0,0,1,54.74999999999997
0,1,0,0,1,0,0,1,0,0,0,0,1,1,0,0,1,1,0,0,1,0,47.139999999999986
0,1,0,0,1,0,0,1,0,0,0,0,1,1,0,0,1,1,0,1,0,0,54.119999999999976
0,1,0,0,1,0,0,1,0,0,0,0,1,1,0,1,0,0,1,0,0,1,44.849999999999966
0,1,0,0,1,0,0,1,0,0,0,0,1,1,0,1,0,0,1,0,1,0,48.73999999999998
0,1,0,0,1,0,0,1,0,0,0,0,1,1,0,1,0,0,1,1,0,0,41.889999999999986
0,1,0,0,1,0,0,1,0,0,0,0,1,1,0,1,0,1,0,0,0,1,38.95999999999998
0,1,0,0,1,0,0,1,0,0,0,0,1,1,0,1,0,1,0,0,1,0,41.109999999999985
0,1,0,0,1,0,0,1,0,0,0,0,1,1,0,1,0,1,0,1,0,0,39.68999999999997
0,1,0,0,1,0,0,1,0,0,0,1,0,0,1,0,1,0,1,0,0,1,43.21999999999997
0,1,0,0,1,0,0,1,0,0,0,1,0,0,1,0,1,0,1,0,1,0,38.02999999999997
0,1,0,0,1,0,0,1,0,0,0,1,0,0,1,0,1,0,1,1,0,0,46.539999999999964
0,1,0,0,1,0,0,1,0,0,0,1,0,0,1,0,1,1,0,0,0,1,43.17999999999998
0,1,0,0,1,0,0,1,0,0,0,1,0,0,1,0,1,1,0,0,1,0,44.079999999999984
0,1,0,0,1,0,0,1,0,0,0,1,0,0,1,0,1,1,0,1,0,0,55.71999999999997
0,1,0,0,1,0,0,1,0,0,0,1,0,0,1,1,0,0,1,0,0,1,44.46999999999997
0,1,0,0,1,0,0,1,0,0,0,1,0,0,1,1,0,0,1,0,1,0,44.099999999999966
0,1,0,0,1,0,0,1,0,0,0,1,0,0,1,1,0,0,1,1,0,0,36.87999999999997
0,1,0,0,1,0,0,1,0,0,0,1,0,0,1,1,0,1,0,0,0,1,41.869999999999976
0,1,0,0,1,0,0,1,0,0,0,1,0,0,1,1,0,1,0,0,1,0,42.46999999999997
0,1,0,0,1,0,0,1,0,0,0,1,0,0,1,1,0,1,0,1,0,0,44.47999999999996
0,1,0,0,1,0,0,1,0,0,0,1,0,1,0,0,1,0,1,0,0,1,49.65999999999997
0,1,0,0,1,0,0,1,0,0,0,1,0,1,0,0,1,0,1,0,1,0,57.67999999999998
0,1,0,0,1,0,0,1,0,0,0,1,0,1,0,0,1,0,1,1,0,0,48.93999999999997
0,1,0,0,1,0,0,1,0,0,0,1,0,1,0,0,1,1,0,0,0,1,36.43999999999997
0,1,0,0,1,0,0,1,0,0,0,1,0,1,0,0,1,1,0,0,1,0,34.77999999999997
0,1,0,0,1,0,0,1,0,0,0,1,0,1,0,0,1,1,0,1,0,0,49.139999999999986
0,1,0,0,1,0,0,1,0,0,0,1,0,1,0,1,0,0,1,0,0,1,51.49999999999997
0,1,0,0,1,0,0,1,0,0,0,1,0,1,0,1,0,0,1,0,1,0,63.18999999999997
0,1,0,0,1,0,0,1,0,0,0,1,0,1,0,1,0,0,1,1,0,0,64.29999999999998
0,1,0,0,1,0,0,1,0,0,0,1,0,1,0,1,0,1,0,0,0,1,71.49999999999997
0,1,0,0,1,0,0,1,0,0,0,1,0,1,0,1,0,1,0,0,1,0,47.37999999999997
0,1,0,0,1,0,0,1,0,0,0,1,0,1,0,1,0,1,0,1,0,0,34.319999999999965
0,1,0,0,1,0,0,1,0,0,1,0,0,0,1,0,1,0,1,0,0,1,48.62999999999997
0,1,0,0,1,0,0,1,0,0,1,0,0,0,1,0,1,0,1,0,1,0,49.97999999999996
0,1,0,0,1,0,0,1,0,0,1,0,0,0,1,0,1,0,1,1,0,0,46.89999999999998
0,1,0,0,1,0,0,1,0,0,1,0,0,0,1,0,1,1,0,0,0,1,34.109999999999985
0,1,0,0,1,0,0,1,0,0,1,0,0,0,1,0,1,1,0,0,1,0,12.75
0,1,0,0,1,0,0,1,0,0,1,0,0,0,1,0,1,1,0,1,0,0,44.21999999999997
0,1,0,0,1,0,0,1,0,0,1,0,0,0,1,1,0,0,1,0,0,1,42.92999999999998
0,1,0,0,1,0,0,1,0,0,1,0,0,0,1,1,0,0,1,0,1,0,64.25999999999996
0,1,0,0,1,0,0,1,0,0,1,0,0,0,1,1,0,0,1,1,0,0,43.23999999999998
0,1,0,0,1,0,0,1,0,0,1,0,0,0,1,1,0,1,0,0,0,1,43.95999999999998
0,1,0,0,1,0,0,1,0,0,1,0,0,0,1,1,0,1,0,0,1,0,42.139999999999986
0,1,0,0,1,0,0,1,0,0,1,0,0,0,1,1,0,1,0,1,0,0,49.45999999999998
0,1,0,0,1,0,0,1,0,0,1,0,0,1,0,0,1,0,1,0,0,1,41.02999999999997
0,1,0,0,1,0,0,1,0,0,1,0,0,1,0,0,1,0,1,0,1,0,46.65999999999997
0,1,0,0,1,0,0,1,0,0,1,0,0,1,0,0,1,0,1,1,0,0,47.559999999999974
0,1,0,0,1,0,0,1,0,0,1,0,0,1,0,0,1,1,0,0,0,1,48.829999999999984
0,1,0,0,1,0,0,1,0,0,1,0,0,1,0,0,1,1,0,0,1,0,40.15999999999997
0,1,0,0,1,0,0,1,0,0,1,0,0,1,0,0,1,1,0,1,0,0,38.359999999999985
0,1,0,0,1,0,0,1,0,0,1,0,0,1,0,1,0,0,1,0,0,1,47.19999999999996
0,1,0,0,1,0,0,1,0,0,1,0,0,1,0,1,0,0,1,0,1,0,46.289999999999964
0,1,0,0,1,0,0,1,0,0,1,0,0,1,0,1,0,0,1,1,0,0,43.49999999999997
0,1,0,0,1,0,0,1,0,0,1,0,0,1,0,1,0,1,0,0,0,1,51.26999999999998
0,1,0,0,1,0,0,1,0,0,1,0,0,1,0,1,0,1,0,0,1,0,43.68999999999997
0,1,0,0,1,0,0,1,0,0,1,0,0,1,0,1,0,1,0,1,0,0,37.099999999999966
0,1,0,1,0,0,0,0,0,1,0,0,1,0,1,0,1,0,1,0,0,1,52.54999999999998
0,1,0,1,0,0,0,0,0,1,0,0,1,0,1,0,1,0,1,0,1,0,65.55999999999997
0,1,0,1,0,0,0,0,0,1,0,0,1,0,1,0,1,0,1,1,0,0,49.039999999999964
0,1,0,1,0,0,0,0,0,1,0,0,1,0,1,0,1,1,0,0,0,1,44.70999999999998
0,1,0,1,0,0,0,0,0,1,0,0,1,0,1,0,1,1,0,0,1,0,43.37999999999997
0,1,0,1,0,0,0,0,0,1,0,0,1,0,1,0,1,1,0,1,0,0,43.62999999999997
0,1,0,1,0,0,0,0,0,1,0,0,1,0,1,1,0,0,1,0,0,1,40.41999999999996
0,1,0,1,0,0,0,0,0,1,0,0,1,0,1,1,0,0,1,0,1,0,53.73999999999998
0,1,0,1,0,0,0,0,0,1,0,0,1,0,1,1,0,0,1,1,0,0,51.50999999999996
0,1,0,1,0,0,0,0,0,1,0,0,1,0,1,1,0,1,0,0,0,1,52.859999999999985
0,1,0,1,0,0,0,0,0,1,0,0,1,0,1,1,0,1,0,0,1,0,47.289999999999964
0,1,0,1,0,0,0,0,0,1,0,0,1,0,1,1,0,1,0,1,0,0,43.339999999999975
0,1,0,1,0,0,0,0,0,1,0,0,1,1,0,0,1,0,1,0,0,1,50.64999999999998
0,1,0,1,0,0,0,0,0,1,0,0,1,1,0,0,1,0,1,0,1,0,51.98999999999998
0,1,0,1,0,0,0,0,0,1,0,0,1,1,0,0,1,0,1,1,0,0,48.069999999999965
0,1,0,1,0,0,0,0,0,1,0,0,1,1,0,0,1,1,0,0,0,1,51.96999999999997
0,1,0,1,0,0,0,0,0,1,0,0,1,1,0,0,1,1,0,0,1,0,40.389999999999986
0,1,0,1,0,0,0,0,0,1,0,0,1,1,0,0,1,1,0,1,0,0,46.24999999999997
0,1,0,1,0,0,0,0,0,1,0,0,1,1,0,1,0,0,1,0,0,1,44.16999999999996
0,1,0,1,0,0,0,0,0,1,0,0,1,1,0,1,0,0,1,0,1,0,45.599999999999966
0,1,0,1,0,0,0,0,0,1,0,0,1,1,0,1,0,0,1,1,0,0,53.599999999999966
0,1,0,1,0,0,0,0,0,1,0,0,1,1,0,1,0,1,0,0,0,1,51.71999999999997
0,1,0,1,0,0,0,0,0,1,0,0,1,1,0,1,0,1,0,0,1,0,52.21999999999997
0,1,0,1,0,0,0,0,0,1,0,0,1,1,0,1,0,1,0,1,0,0,43.92999999999998
0,1,0,1,0,0,0,0,0,1,0,1,0,0,1,0,1,0,1,0,0,1,43.47999999999996
0,1,0,1,0,0,0,0,0,1,0,1,0,0,1,0,1,0,1,0,1,0,48.539999999999964
0,1,0,1,0,0,0,0,0,1,0,1,0,0,1,0,1,0,1,1,0,0,38.619999999999976
0,1,0,1,0,0,0,0,0,1,0,1,0,0,1,0,1,1,0,0,0,1,53.04999999999998
0,1,0,1,0,0,0,0,0,1,0,1,0,0,1,0,1,1,0,0,1,0,61.91999999999996
0,1,0,1,0,0,0,0,0,1,0,1,0,0,1,0,1,1,0,1,0,0,43.51999999999998
0,1,0,1,0,0,0,0,0,1,0,1,0,0,1,1,0,0,1,0,0,1,46.42999999999998
0,1,0,1,0,0,0,0,0,1,0,1,0,0,1,1,0,0,1,0,1,0,46.39999999999998
0,1,0,1,0,0,0,0,0,1,0,1,0,0,1,1,0,0,1,1,0,0,46.069999999999965
0,1,0,1,0,0,0,0,0,1,0,1,0,0,1,1,0,1,0,0,0,1,42.15999999999997
0,1,0,1,0,0,0,0,0,1,0,1,0,0,1,1,0,1,0,0,1,0,50.16999999999996
0,1,0,1,0,0,0,0,0,1,0,1,0,0,1,1,0,1,0,1,0,0,53.389999999999986
0,1,0,1,0,0,0,0,0,1,0,1,0,1,0,0,1,0,1,0,0,1,39.14999999999998
0,1,0,1,0,0,0,0,0,1,0,1,0,1,0,0,1,0,1,0,1,0,43.75999999999996
0,1,0,1,0,0,0,0,0,1,0,1,0,1,0,0,1,0,1,1,0,0,54.74999999999997
0,1,0,1,0,0,0,0,0,1,0,1,0,1,0,0,1,1,0,0,0,1,38.359999999999985
0,1,0,1,0,0,0,0,0,1,0,1,0,1,0,0,1,1,0,0,1,0,50.94999999999996
0,1,0,1,0,0,0,0,0,1,0,1,0,1,0,0,1,1,0,1,0,0,45.69999999999996
0,1,0,1,0,0,0,0,0,1,0,1,0,1,0,1,0,0,1,0,0,1,51.98999999999998
0,1,0,1,0,0,0,0,0,1,0,1,0,1,0,1,0,0,1,0,1,0,51.619999999999976
0,1,0,1,0,0,0,0,0,1,0,1,0,1,0,1,0,0,1,1,0,0,47.92999999999998
0,1,0,1,0,0,0,0,0,1,0,1,0,1,0,1,0,1,0,0,0,1,46.27999999999997
0,1,0,1,0,0,0,0,0,1,0,1,0,1,0,1,0,1,0,0,1,0,45.889999999999986
0,1,0,1,0,0,0,0,0,1,0,1,0,1,0,1,0,1,0,1,0,0,43.67999999999998
0,1,0,1,0,0,0,0,0,1,1,0,0,0,1,0,1,0,1,0,0,1,50.37999999999997
0,1,0,1,0,0,0,0,0,1,1,0,0,0,1,0,1,0,1,0,1,0,47.559999999999974
0,1,0,1,0,0,0,0,0,1,1,0,0,0,1,0,1,0,1,1,0,0,49.69999999999996
0,1,0,1,0,0,0,0,0,1,1,0,0,0,1,0,1,1,0,0,0,1,48.289999999999964
0,1,0,1,0,0,0,0,0,1,1,0,0,0,1,0,1,1,0,0,1,0,42.93999999999997
0,1,0,1,0,0,0,0,0,1,1,0,0,0,1,0,1,1,0,1,0,0,44.46999999999997
0,1,0,1,0,0,0,0,0,1,1,0,0,0,1,1,0,0,1,0,0,1,52.079999999999984
0,1,0,1,0,0,0,0,0,1,1,0,0,0,1,1,0,0,1,0,1,0,48.099999999999966
0,1,0,1,0,0,0,0,0,1,1,0,0,0,1,1,0,0,1,1,0,0,44.17999999999998
0,1,0,1,0,0,0,0,0,1,1,0,0,0,1,1,0,1,0,0,0,1,62.539999999999964
0,1,0,1,0,0,0,0,0,1,1,0,0,0,1,1,0,1,0,0,1,0,62.319999999999965
0,1,0,1,0,0,0,0,0,1,1,0,0,0,1,1,0,1,0,1,0,0,57.71999999999997
0,1,0,1,0,0,0,0,0,1,1,0,0,1,0,0,1,0,1,0,0,1,72.34999999999997
0,1,0,1,0,0,0,0,0,1,1,0,0,1,0,0,1,0,1,0,1,0,35.98999999999998
0,1,0,1,0,0,0,0,0,1,1,0,0,1,0,0,1,0,1,1,0,0,42.42999999999998
0,1,0,1,0,0,0,0,0,1,1,0,0,1,0,0,1,1,0,0,0,1,40.50999999999996
0,1,0,1,0,0,0,0,0,1,1,0,0,1,0,0,1,1,0,0,1,0,45.44999999999996
0,1,0,1,0,0,0,0,0,1,1,0,0,1,0,0,1,1,0,1,0,0,62.51999999999998
0,1,0,1,0,0,0,0,0,1,1,0,0,1,0,1,0,0,1,0,0,1,55.48999999999998
0,1,0,1,0,0,0,0,0,1,1,0,0,1,0,1,0,0,1,0,1,0,62.49999999999997
0,1,0,1,0,0,0,0,0,1,1,0,0,1,0,1,0,0,1,1,0,0,63.789999999999964
0,1,0,1,0,0,0,0,0,1,1,0,0,1,0,1,0,1,0,0,0,1,57.16999999999996
0,1,0,1,0,0,0,0,0,1,1,0,0,1,0,1,0,1,0,0,1,0,73.96999999999997
0,1,0,1,0,0,0,0,0,1,1,0,0,1,0,1,0,1,0,1,0,0,74.23999999999998
0,1,0,1,0,0,0,0,1,0,0,0,1,0,1,0,1,0,1,0,0,1,72.00999999999996
0,1,0,1,0,0,0,0,1,0,0,0,1,0,1,0,1,0,1,0,1,0,72.22999999999996
0,1,0,1,0,0,0,0,1,0,0,0,1,0,1,0,1,0,1,1,0,0,65.21999999999997
0,1,0,1,0,0,0,0,1,0,0,0,1,0,1,0,1,1,0,0,0,1,64.69999999999996
0,1,0,1,0,0,0,0,1,0,0,0,1,0,1,0,1,1,0,0,1,0,69.07999999999998
0,1,0,1,0,0,0,0,1,0,0,0,1,0,1,0,1,1,0,1,0,0,72.86999999999998
0,1,0,1,0,0,0,0,1,0,0,0,1,0,1,1,0,0,1,0,0,1,65.92999999999998
0,1,0,1,0,0,0,0,1,0,0,0,1,0,1,1,0,0,1,0,1,0,68.34999999999997
0,1,0,1,0,0,0,0,1,0,0,0,1,0,1,1,0,0,1,1,0,0,69.19999999999996
0,1,0,1,0,0,0,0,1,0,0,0,1,0,1,1,0,1,0,0,0,1,55.589999999999975
0,1,0,1,0,0,0,0,1,0,0,0,1,0,1,1,0,1,0,0,1,0,39.829999999999984
0,1,0,1,0,0,0,0,1,0,0,0,1,0,1,1,0,1,0,1,0,0,53.46999999999997
0,1,0,1,0,0,0,0,1,0,0,0,1,1,0,0,1,0,1,0,0,1,43.849999999999966
0,1,0,1,0,0,0,0,1,0,0,0,1,1,0,0,1,0,1,0,1,0,45.92999999999998
0,1,0,1,0,0,0,0,1,0,0,0,1,1,0,0,1,0,1,1,0,0,43.44999999999996
0,1,0,1,0,0,0,0,1,0,0,0,1,1,0,0,1,1,0,0,0,1,46.01999999999998
0,1,0,1,0,0,0,0,1,0,0,0,1,1,0,0,1,1,0,0,1,0,44.77999999999997
0,1,0,1,0,0,0,0,1,0,0,0,1,1,0,0,1,1,0,1,0,0,77.92999999999998
0,1,0,1,0,0,0,0,1,0,0,0,1,1,0,1,0,0,1,0,0,1,61.359999999999985
0,1,0,1,0,0,0,0,1,0,0,0,1,1,0,1,0,0,1,0,1,0,56.319999999999965
0,1,0,1,0,0,0,0,1,0,0,0,1,1,0,1,0,0,1,1,0,0,51.43999999999997
0,1,0,1,0,0,0,0,1,0,0,0,1,1,0,1,0,1,0,0,0,1,34.39999999999998
0,1,0,1,0,0,0,0,1,0,0,0,1,1,0,1,0,1,0,0,1,0,45.339999999999975
0,1,0,1,0,0,0,0,1,0,0,0,1,1,0,1,0,1,0,1,0,0,43.71999999999997
0,1,0,1,0,0,0,0,1,0,0,1,0,0,1,0,1,0,1,0,0,1,40.43999999999997
0,1,0,1,0,0,0,0,1,0,0,1,0,0,1,0,1,0,1,0,1,0,44.539999999999964
0,1,0,1,0,0,0,0,1,0,0,1,0,0,1,0,1,0,1,1,0,0,49.23999999999998
0,1,0,1,0,0,0,0,1,0,0,1,0,0,1,0,1,1,0,0,0,1,51.16999999999996
0,1,0,1,0,0,0,0,1,0,0,1,0,0,1,0,1,1,0,0,1,0,44.04999999999998
0,1,0,1,0,0,0,0,1,0,0,1,0,0,1,0,1,1,0,1,0,0,40.02999999999997
0,1,0,1,0,0,0,0,1,0,0,1,0,0,1,1,0,0,1,0,0,1,35.90999999999997
0,1,0,1,0,0,0,0,1,0,0,1,0,0,1,1,0,0,1,0,1,0,50.139999999999986
0,1,0,1,0,0,0,0,1,0,0,1,0,0,1,1,0,0,1,1,0,0,44.119999999999976
0,1,0,1,0,0,0,0,1,0,0,1,0,0,1,1,0,1,0,0,0,1,38.099999999999966
0,1,0,1,0,0,0,0,1,0,0,1,0,0,1,1,0,1,0,0,1,0,38.16999999999996
0,1,0,1,0,0,0,0,1,0,0,1,0,0,1,1,0,1,0,1,0,0,39.539999999999964
0,1,0,1,0,0,0,0,1,0,0,1,0,1,0,0,1,0,1,0,0,1,40.66999999999996
0,1,0,1,0,0,0,0,1,0,0,1,0,1,0,0,1,0,1,0,1,0,48.48999999999998
0,1,0,1,0,0,0,0,1,0,0,1,0,1,0,0,1,0,1,1,0,0,48.46999999999997
0,1,0,1,0,0,0,0,1,0,0,1,0,1,0,0,1,1,0,0,0,1,47.099999999999966
0,1,0,1,0,0,0,0,1,0,0,1,0,1,0,0,1,1,0,0,1,0,37.809999999999974
0,1,0,1,0,0,0,0,1,0,0,1,0,1,0,0,1,1,0,1,0,0,34.829999999999984
0,1,0,1,0,0,0,0,1,0,0,1,0,1,0,1,0,0,1,0,0,1,72.03999999999996
0,1,0,1,0,0,0,0,1,0,0,1,0,1,0,1,0,0,1,0,1,0,39.01999999999998
0,1,0,1,0,0,0,0,1,0,0,1,0,1,0,1,0,0,1,1,0,0,39.76999999999998
0,1,0,1,0,0,0,0,1,0,0,1,0,1,0,1,0,1,0,0,0,1,46.089999999999975
0,1,0,1,0,0,0,0,1,0,0,1,0,1,0,1,0,1,0,0,1,0,56.589999999999975
0,1,0,1,0,0,0,0,1,0,0,1,0,1,0,1,0,1,0,1,0,0,61.26999999999998
0,1,0,1,0,0,0,0,1,0,1,0,0,0,1,0,1,0,1,0,0,1,55.059999999999974
0,1,0,1,0,0,0,0,1,0,1,0,0,0,1,0,1,0,1,0,1,0,50.389999999999986
0,1,0,1,0,0,0,0,1,0,1,0,0,0,1,0,1,0,1,1,0,0,42.24999999999997
0,1,0,1,0,0,0,0,1,0,1,0,0,0,1,0,1,1,0,0,0,1,33.96999999999997
0,1,0,1,0,0,0,0,1,0,1,0,0,0,1,0,1,1,0,0,1,0,57.68999999999997
0,1,0,1,0,0,0,0,1,0,1,0,0,0,1,0,1,1,0,1,0,0,73.26999999999998
0,1,0,1,0,0,0,0,1,0,1,0,0,0,1,1,0,0,1,0,0,1,50.639999999999986
0,1,0,1,0,0,0,0,1,0,1,0,0,0,1,1,0,0,1,0,1,0,54.44999999999996
0,1,0,1,0,0,0,0,1,0,1,0,0,0,1,1,0,0,1,1,0,0,43.42999999999998
0,1,0,1,0,0,0,0,1,0,1,0,0,0,1,1,0,1,0,0,0,1,48.18999999999997
0,1,0,1,0,0,0,0,1,0,1,0,0,0,1,1,0,1,0,0,1,0,41.559999999999974
0,1,0,1,0,0,0,0,1,0,1,0,0,0,1,1,0,1,0,1,0,0,43.29999999999998
0,1,0,1,0,0,0,0,1,0,1,0,0,1,0,0,1,0,1,0,0,1,66.11999999999998
0,1,0,1,0,0,0,0,1,0,1,0,0,1,0,0,1,0,1,0,1,0,54.15999999999997
0,1,0,1,0,0,0,0,1,0,1,0,0,1,0,0,1,0,1,1,0,0,49.23999999999998
0,1,0,1,0,0,0,0,1,0,1,0,0,1,0,0,1,1,0,0,0,1,34.45999999999998
0,1,0,1,0,0,0,0,1,0,1,0,0,1,0,0,1,1,0,0,1,0,55.15999999999997
0,1,0,1,0,0,0,0,1,0,1,0,0,1,0,0,1,1,0,1,0,0,44.349999999999966
0,1,0,1,0,0,0,0,1,0,1,0,0,1,0,1,0,0,1,0,0,1,41.46999999999997
0,1,0,1,0,0,0,0,1,0,1,0,0,1,0,1,0,0,1,0,1,0,58.51999999999998
0,1,0,1,0,0,0,0,1,0,1,0,0,1,0,1,0,0,1,1,0,0,45.24999999999997
0,1,0,1,0,0,0,0,1,0,1,0,0,1,0,1,0,1,0,0,0,1,35.92999999999998
0,1,0,1,0,0,0,0,1,0,1,0,0,1,0,1,0,1,0,0,1,0,49.41999999999996
0,1,0,1,0,0,0,0,1,0,1,0,0,1,0,1,0,1,0,1,0,0,61.859999999999985
0,1,0,1,0,0,0,1,0,0,0,0,1,0,1,0,1,0,1,0,0,1,41.319999999999965
0,1,0,1,0,0,0,1,0,0,0,0,1,0,1,0,1,0,1,0,1,0,51.50999999999996
0,1,0,1,0,0,0,1,0,0,0,0,1,0,1,0,1,0,1,1,0,0,45.37999999999997
0,1,0,1,0,0,0,1,0,0,0,0,1,0,1,0,1,1,0,0,0,1,53.99999999999997
0,1,0,1,0,0,0,1,0,0,0,0,1,0,1,0,1,1,0,0,1,0,46.329999999999984
0,1,0,1,0,0,0,1,0,0,0,0,1,0,1,0,1,1,0,1,0,0,46.64999999999998
0,1,0,1,0,0,0,1,0,0,0,0,1,0,1,1,0,0,1,0,0,1,50.109999999999985
0,1,0,1,0,0,0,1,0,0,0,0,1,0,1,1,0,0,1,0,1,0,49.21999999999997
0,1,0,1,0,0,0,1,0,0,0,0,1,0,1,1,0,0,1,1,0,0,55.809999999999974
0,1,0,1,0,0,0,1,0,0,0,0,1,0,1,1,0,1,0,0,0,1,44.01999999999998
0,1,0,1,0,0,0,1,0,0,0,0,1,0,1,1,0,1,0,0,1,0,39.589999999999975
0,1,0,1,0,0,0,1,0,0,0,0,1,0,1,1,0,1,0,1,0,0,33.839999999999975
0,1,0,1,0,0,0,1,0,0,0,0,1,1,0,0,1,0,1,0,0,1,52.89999999999998
0,1,0,1,0,0,0,1,0,0,0,0,1,1,0,0,1,0,1,0,1,0,52.329999999999984
0,1,0,1,0,0,0,1,0,0,0,0,1,1,0,0,1,0,1,1,0,0,49.68999999999997
0,1,0,1,0,0,0,1,0,0,0,0,1,1,0,0,1,1,0,0,0,1,47.01999999999998
0,1,0,1,0,0,0,1,0,0,0,0,1,1,0,0,1,1,0,0,1,0,49.14999999999998
0,1,0,1,0,0,0,1,0,0,0,0,1,1,0,0,1,1,0,1,0,0,44.95999999999998
0,1,0,1,0,0,0,1,0,0,0,0,1,1,0,1,0,0,1,0,0,1,48.339999999999975
0,1,0,1,0,0,0,1,0,0,0,0,1,1,0,1,0,0,1,0,1,0,48.96999999999997
0,1,0,1,0,0,0,1,0,0,0,0,1,1,0,1,0,0,1,1,0,0,44.329999999999984
0,1,0,1,0,0,0,1,0,0,0,0,1,1,0,1,0,1,0,0,0,1,50.559999999999974
0,1,0,1,0,0,0,1,0,0,0,0,1,1,0,1,0,1,0,0,1,0,56.099999999999966
0,1,0,1,0,0,0,1,0,0,0,0,1,1,0,1,0,1,0,1,0,0,51.37999999999997
0,1,0,1,0,0,0,1,0,0,0,1,0,0,1,0,1,0,1,0,0,1,46.91999999999996
0,1,0,1,0,0,0,1,0,0,0,1,0,0,1,0,1,0,1,0,1,0,59.24999999999997
0,1,0,1,0,0,0,1,0,0,0,1,0,0,1,0,1,0,1,1,0,0,44.119999999999976
0,1,0,1,0,0,0,1,0,0,0,1,0,0,1,0,1,1,0,0,0,1,47.849999999999966
0,1,0,1,0,0,0,1,0,0,0,1,0,0,1,0,1,1,0,0,1,0,43.25999999999996
0,1,0,1,0,0,0,1,0,0,0,1,0,0,1,0,1,1,0,1,0,0,45.76999999999998
0,1,0,1,0,0,0,1,0,0,0,1,0,0,1,1,0,0,1,0,0,1,52.27999999999997
0,1,0,1,0,0,0,1,0,0,0,1,0,0,1,1,0,0,1,0,1,0,54.139999999999986
0,1,0,1,0,0,0,1,0,0,0,1,0,0,1,1,0,0,1,1,0,0,44.14999999999998
0,1,0,1,0,0,0,1,0,0,0,1,0,0,1,1,0,1,0,0,0,1,39.73999999999998
0,1,0,1,0,0,0,1,0,0,0,1,0,0,1,1,0,1,0,0,1,0,49.46999999999997
0,1,0,1,0,0,0,1,0,0,0,1,0,0,1,1,0,1,0,1,0,0,51.68999999999997
0,1,0,1,0,0,0,1,0,0,0,1,0,1,0,0,1,0,1,0,0,1,53.139999999999986
0,1,0,1,0,0,0,1,0,0,0,1,0,1,0,0,1,0,1,0,1,0,43.15999999999997
0,1,0,1,0,0,0,1,0,0,0,1,0,1,0,0,1,0,1,1,0,0,40.27999999999997
0,1,0,1,0,0,0,1,0,0,0,1,0,1,0,0,1,1,0,0,0,1,48.87999999999997
0,1,0,1,0,0,0,1,0,0,0,1,0,1,0,0,1,1,0,0,1,0,43.309999999999974
0,1,0,1,0,0,0,1,0,0,0,1,0,1,0,0,1,1,0,1,0,0,36.289999999999964
0,1,0,1,0,0,0,1,0,0,0,1,0,1,0,1,0,0,1,0,0,1,53.789999999999964
0,1,0,1,0,0,0,1,0,0,0,1,0,1,0,1,0,0,1,0,1,0,49.569999999999965
0,1,0,1,0,0,0,1,0,0,0,1,0,1,0,1,0,0,1,1,0,0,49.21999999999997
0,1,0,1,0,0,0,1,0,0,0,1,0,1,0,1,0,1,0,0,0,1,47.92999999999998
0,1,0,1,0,0,0,1,0,0,0,1,0,1,0,1,0,1,0,0,1,0,45.25999999999996
0,1,0,1,0,0,0,1,0,0,0,1,0,1,0,1,0,1,0,1,0,0,42.37999999999997
0,1,0,1,0,0,0,1,0,0,1,0,0,0,1,0,1,0,1,0,0,1,43.45999999999998
0,1,0,1,0,0,0,1,0,0,1,0,0,0,1,0,1,0,1,0,1,0,67.50999999999996
0,1,0,1,0,0,0,1,0,0,1,0,0,0,1,0,1,0,1,1,0,0,43.039999999999964
0,1,0,1,0,0,0,1,0,0,1,0,0,0,1,0,1,1,0,0,0,1,43.039999999999964
0,1,0,1,0,0,0,1,0,0,1,0,0,0,1,0,1,1,0,0,1,0,40.75999999999996
0,1,0,1,0,0,0,1,0,0,1,0,0,0,1,0,1,1,0,1,0,0,44.71999999999997
0,1,0,1,0,0,0,1,0,0,1,0,0,0,1,1,0,0,1,0,0,1,55.14999999999998
0,1,0,1,0,0,0,1,0,0,1,0,0,0,1,1,0,0,1,0,1,0,43.97999999999996
0,1,0,1,0,0,0,1,0,0,1,0,0,0,1,1,0,0,1,1,0,0,48.54999999999998
0,1,0,1,0,0,0,1,0,0,1,0,0,0,1,1,0,1,0,0,0,1,49.90999999999997
0,1,0,1,0,0,0,1,0,0,1,0,0,0,1,1,0,1,0,0,1,0,49.349999999999966
0,1,0,1,0,0,0,1,0,0,1,0,0,0,1,1,0,1,0,1,0,0,46.589999999999975
0,1,0,1,0,0,0,1,0,0,1,0,0,1,0,0,1,0,1,0,0,1,42.00999999999996
0,1,0,1,0,0,0,1,0,0,1,0,0,1,0,0,1,0,1,0,1,0,42.15999999999997
0,1,0,1,0,0,0,1,0,0,1,0,0,1,0,0,1,0,1,1,0,0,39.04999999999998
0,1,0,1,0,0,0,1,0,0,1,0,0,1,0,0,1,1,0,0,0,1,38.27999999999997
0,1,0,1,0,0,0,1,0,0,1,0,0,1,0,0,1,1,0,0,1,0,51.309999999999974
0,1,0,1,0,0,0,1,0,0,1,0,0,1,0,0,1,1,0,1,0,0,51.809999999999974
0,1,0,1,0,0,0,1,0,0,1,0,0,1,0,1,0,0,1,0,0,1,44.359999999999985
0,1,0,1,0,0,0,1,0,0,1,0,0,1,0,1,0,0,1,0,1,0,46.99999999999997
0,1,0,1,0,0,0,1,0,0,1,0,0,1,0,1,0,0,1,1,0,0,44.95999999999998
0,1,0,1,0,0,0,1,0,0,1,0,0,1,0,1,0,1,0,0,0,1,39.369999999999976
0,1,0,1,0,0,0,1,0,0,1,0,0,1,0,1,0,1,0,0,1,0,41.62999999999997
0,1,0,1,0,0,0,1,0,0,1,0,0,1,0,1,0,1,0,1,0,0,44.819999999999965
1,0,0,0,0,0,1,0,0,1,0,0,1,0,1,0,1,0,1,0,0,1,45.27999999999997
1,0,0,0,0,0,1,0,0,1,0,0,1,0,1,0,1,0,1,0,1,0,41.94999999999996
1,0,0,0,0,0,1,0,0,1,0,0,1,0,1,0,1,0,1,1,0,0,46.26999999999998
1,0,0,0,0,0,1,0,0,1,0,0,1,0,1,0,1,1,0,0,0,1,48.579999999999984
1,0,0,0,0,0,1,0,0,1,0,0,1,0,1,0,1,1,0,0,1,0,48.23999999999998
1,0,0,0,0,0,1,0,0,1,0,0,1,0,1,0,1,1,0,1,0,0,53.48999999999998
1,0,0,0,0,0,1,0,0,1,0,0,1,0,1,1,0,0,1,0,0,1,41.849999999999966
1,0,0,0,0,0,1,0,0,1,0,0,1,0,1,1,0,0,1,0,1,0,43.619999999999976
1,0,0,0,0,0,1,0,0,1,0,0,1,0,1,1,0,0,1,1,0,0,40.24999999999997
1,0,0,0,0,0,1,0,0,1,0,0,1,0,1,1,0,1,0,0,0,1,36.23999999999998
1,0,0,0,0,0,1,0,0,1,0,0,1,0,1,1,0,1,0,0,1,0,47.569999999999965
1,0,0,0,0,0,1,0,0,1,0,0,1,0,1,1,0,1,0,1,0,0,37.96999999999997
1,0,0,0,0,0,1,0,0,1,0,0,1,1,0,0,1,0,1,0,0,1,41.559999999999974
1,0,0,0,0,0,1,0,0,1,0,0,1,1,0,0,1,0,1,0,1,0,46.619999999999976
1,0,0,0,0,0,1,0,0,1,0,0,1,1,0,0,1,0,1,1,0,0,78.44999999999996
1,0,0,0,0,0,1,0,0,1,0,0,1,1,0,0,1,1,0,0,0,1,45.869999999999976
1,0,0,0,0,0,1,0,0,1,0,0,1,1,0,0,1,1,0,0,1,0,49.72999999999996
1,0,0,0,0,0,1,0,0,1,0,0,1,1,0,0,1,1,0,1,0,0,38.95999999999998
1,0,0,0,0,0,1,0,0,1,0,0,1,1,0,1,0,0,1,0,0,1,40.92999999999998
1,0,0,0,0,0,1,0,0,1,0,0,1,1,0,1,0,0,1,0,1,0,48.27999999999997
1,0,0,0,0,0,1,0,0,1,0,0,1,1,0,1,0,0,1,1,0,0,44.92999999999998
1,0,0,0,0,0,1,0,0,1,0,0,1,1,0,1,0,1,0,0,0,1,45.789999999999964
1,0,0,0,0,0,1,0,0,1,0,0,1,1,0,1,0,1,0,0,1,0,43.12999999999997
1,0,0,0,0,0,1,0,0,1,0,0,1,1,0,1,0,1,0,1,0,0,46.26999999999998
1,0,0,0,0,0,1,0,0,1,0,1,0,0,1,0,1,0,1,0,0,1,37.12999999999997
1,0,0,0,0,0,1,0,0,1,0,1,0,0,1,0,1,0,1,0,1,0,42.98999999999998
1,0,0,0,0,0,1,0,0,1,0,1,0,0,1,0,1,0,1,1,0,0,37.00999999999996
1,0,0,0,0,0,1,0,0,1,0,1,0,0,1,0,1,1,0,0,0,1,43.51999999999998
1,0,0,0,0,0,1,0,0,1,0,1,0,0,1,0,1,1,0,0,1,0,36.059999999999974
1,0,0,0,0,0,1,0,0,1,0,1,0,0,1,0,1,1,0,1,0,0,39.809999999999974
1,0,0,0,0,0,1,0,0,1,0,1,0,0,1,1,0,0,1,0,0,1,44.579999999999984
1,0,0,0,0,0,1,0,0,1,0,1,0,0,1,1,0,0,1,0,1,0,41.839999999999975
1,0,0,0,0,0,1,0,0,1,0,1,0,0,1,1,0,0,1,1,0,0,46.46999999999997
1,0,0,0,0,0,1,0,0,1,0,1,0,0,1,1,0,1,0,0,0,1,46.70999999999998
1,0,0,0,0,0,1,0,0,1,0,1,0,0,1,1,0,1,0,0,1,0,42.309999999999974
1,0,0,0,0,0,1,0,0,1,0,1,0,0,1,1,0,1,0,1,0,0,47.599999999999966
1,0,0,0,0,0,1,0,0,1,0,1,0,1,0,0,1,0,1,0,0,1,33.039999999999964
1,0,0,0,0,0,1,0,0,1,0,1,0,1,0,0,1,0,1,0,1,0,40.819999999999965
1,0,0,0,0,0,1,0,0,1,0,1,0,1,0,0,1,0,1,1,0,0,38.639999999999986
1,0,0,0,0,0,1,0,0,1,0,1,0,1,0,0,1,1,0,0,0,1,42.98999999999998
1,0,0,0,0,0,1,0,0,1,0,1,0,1,0,0,1,1,0,0,1,0,42.079999999999984
1,0,0,0,0,0,1,0,0,1,0,1,0,1,0,0,1,1,0,1,0,0,31.94999999999996
1,0,0,0,0,0,1,0,0,1,0,1,0,1,0,1,0,0,1,0,0,1,38.14999999999998
1,0,0,0,0,0,1,0,0,1,0,1,0,1,0,1,0,0,1,0,1,0,35.619999999999976
1,0,0,0,0,0,1,0,0,1,0,1,0,1,0,1,0,0,1,1,0,0,39.609999999999985
1,0,0,0,0,0,1,0,0,1,0,1,0,1,0,1,0,1,0,0,0,1,46.16999999999996
1,0,0,0,0,0,1,0,0,1,0,1,0,1,0,1,0,1,0,0,1,0,40.29999999999998
1,0,0,0,0,0,1,0,0,1,0,1,0,1,0,1,0,1,0,1,0,0,42.599999999999966
1,0,0,0,0,0,1,0,0,1,1,0,0,0,1,0,1,0,1,0,0,1,41.109999999999985
1,0,0,0,0,0,1,0,0,1,1,0,0,0,1,0,1,0,1,0,1,0,46.809999999999974
1,0,0,0,0,0,1,0,0,1,1,0,0,0,1,0,1,0,1,1,0,0,46.12999999999997
1,0,0,0,0,0,1,0,0,1,1,0,0,0,1,0,1,1,0,0,0,1,35.89999999999998
1,0,0,0,0,0,1,0,0,1,1,0,0,0,1,0,1,1,0,0,1,0,46.869999999999976
1,0,0,0,0,0,1,0,0,1,1,0,0,0,1,0,1,1,0,1,0,0,47.579999999999984
1,0,0,0,0,0,1,0,0,1,1,0,0,0,1,1,0,0,1,0,0,1,49.52999999999997
1,0,0,0,0,0,1,0,0,1,1,0,0,0,1,1,0,0,1,0,1,0,49.849999999999966
1,0,0,0,0,0,1,0,0,1,1,0,0,0,1,1,0,0,1,1,0,0,43.21999999999997
1,0,0,0,0,0,1,0,0,1,1,0,0,0,1,1,0,1,0,0,0,1,47.73999999999998
1,0,0,0,0,0,1,0,0,1,1,0,0,0,1,1,0,1,0,0,1,0,34.789999999999964
1,0,0,0,0,0,1,0,0,1,1,0,0,0,1,1,0,1,0,1,0,0,39.639999999999986
1,0,0,0,0,0,1,0,0,1,1,0,0,1,0,0,1,0,1,0,0,1,49.109999999999985
1,0,0,0,0,0,1,0,0,1,1,0,0,1,0,0,1,0,1,0,1,0,44.50999999999996
1,0,0,0,0,0,1,0,0,1,1,0,0,1,0,0,1,0,1,1,0,0,50.39999999999998
1,0,0,0,0,0,1,0,0,1,1,0,0,1,0,0,1,1,0,0,0,1,44.329999999999984
1,0,0,0,0,0,1,0,0,1,1,0,0,1,0,0,1,1,0,0,1,0,35.27999999999997
1,0,0,0,0,0,1,0,0,1,1,0,0,1,0,0,1,1,0,1,0,0,41.579999999999984
1,0,0,0,0,0,1,0,0,1,1,0,0,1,0,1,0,0,1,0,0,1,38.92999999999998
1,0,0,0,0,0,1,0,0,1,1,0,0,1,0,1,0,0,1,0,1,0,36.77999999999997
1,0,0,0,0,0,1,0,0,1,1,0,0,1,0,1,0,0,1,1,0,0,44.67999999999998
1,0,0,0,0,0,1,0,0,1,1,0,0,1,0,1,0,1,0,0,0,1,41.22999999999996
1,0,0,0,0,0,1,0,0,1,1,0,0,1,0,1,0,1,0,0,1,0,43.50999999999996
1,0,0,0,0,0,1,0,0,1,1,0,0,1,0,1,0,1,0,1,0,0,32.20999999999998
1,0,0,0,0,0,1,0,1,0,0,0,1,0,1,0,1,0,1,0,0,1,40.14999999999998
1,0,0,0,0,0,1,0,1,0,0,0,1,0,1,0,1,0,1,0,1,0,44.89999999999998
1,0,0,0,0,0,1,0,1,0,0,0,1,0,1,0,1,0,1,1,0,0,43.77999999999997
1,0,0,0,0,0,1,0,1,0,0,0,1,0,1,0,1,1,0,0,0,1,41.559999999999974
1,0,0,0,0,0,1,0,1,0,0,0,1,0,1,0,1,1,0,0,1,0,48.29999999999998
1,0,0,0,0,0,1,0,1,0,0,0,1,0,1,0,1,1,0,1,0,0,32.389999999999986
1,0,0,0,0,0,1,0,1,0,0,0,1,0,1,1,0,0,1,0,0,1,38.54999999999998
1,0,0,0,0,0,1,0,1,0,0,0,1,0,1,1,0,0,1,0,1,0,42.639999999999986
1,0,0,0,0,0,1,0,1,0,0,0,1,0,1,1,0,0,1,1,0,0,50.51999999999998
1,0,0,0,0,0,1,0,1,0,0,0,1,0,1,1,0,1,0,0,0,1,39.40999999999997
1,0,0,0,0,0,1,0,1,0,0,0,1,0,1,1,0,1,0,0,1,0,37.93999999999997
1,0,0,0,0,0,1,0,1,0,0,0,1,0,1,1,0,1,0,1,0,0,39.89999999999998
1,0,0,0,0,0,1,0,1,0,0,0,1,1,0,0,1,0,1,0,0,1,40.37999999999997
1,0,0,0,0,0,1,0,1,0,0,0,1,1,0,0,1,0,1,0,1,0,46.24999999999997
1,0,0,0,0,0,1,0,1,0,0,0,1,1,0,0,1,0,1,1,0,0,45.72999999999996
1,0,0,0,0,0,1,0,1,0,0,0,1,1,0,0,1,1,0,0,0,1,44.349999999999966
1,0,0,0,0,0,1,0,1,0,0,0,1,1,0,0,1,1,0,0,1,0,39.52999999999997
1,0,0,0,0,0,1,0,1,0,0,0,1,1,0,0,1,1,0,1,0,0,38.19999999999996
1,0,0,0,0,0,1,0,1,0,0,0,1,1,0,1,0,0,1,0,0,1,45.67999999999998
1,0,0,0,0,0,1,0,1,0,0,0,1,1,0,1,0,0,1,0,1,0,46.869999999999976
1,0,0,0,0,0,1,0,1,0,0,0,1,1,0,1,0,0,1,1,0,0,46.089999999999975
1,0,0,0,0,0,1,0,1,0,0,0,1,1,0,1,0,1,0,0,0,1,83.43999999999997
1,0,0,0,0,0,1,0,1,0,0,0,1,1,0,1,0,1,0,0,1,0,46.40999999999997
1,0,0,0,0,0,1,0,1,0,0,0,1,1,0,1,0,1,0,1,0,0,45.75999999999996
1,0,0,0,0,0,1,0,1,0,0,1,0,0,1,0,1,0,1,0,0,1,38.50999999999996
1,0,0,0,0,0,1,0,1,0,0,1,0,0,1,0,1,0,1,0,1,0,41.26999999999998
1,0,0,0,0,0,1,0,1,0,0,1,0,0,1,0,1,0,1,1,0,0,37.37999999999997
1,0,0,0,0,0,1,0,1,0,0,1,0,0,1,0,1,1,0,0,0,1,43.14999999999998
1,0,0,0,0,0,1,0,1,0,0,1,0,0,1,0,1,1,0,0,1,0,49.059999999999974
1,0,0,0,0,0,1,0,1,0,0,1,0,0,1,0,1,1,0,1,0,0,41.539999999999964
1,0,0,0,0,0,1,0,1,0,0,1,0,0,1,1,0,0,1,0,0,1,37.50999999999996
1,0,0,0,0,0,1,0,1,0,0,1,0,0,1,1,0,0,1,0,1,0,45.76999999999998
1,0,0,0,0,0,1,0,1,0,0,1,0,0,1,1,0,0,1,1,0,0,40.16999999999996
1,0,0,0,0,0,1,0,1,0,0,1,0,0,1,1,0,1,0,0,0,1,41.75999999999996
1,0,0,0,0,0,1,0,1,0,0,1,0,0,1,1,0,1,0,0,1,0,42.41999999999996
1,0,0,0,0,0,1,0,1,0,0,1,0,0,1,1,0,1,0,1,0,0,44.17999999999998
1,0,0,0,0,0,1,0,1,0,0,1,0,1,0,0,1,0,1,0,0,1,47.68999999999997
1,0,0,0,0,0,1,0,1,0,0,1,0,1,0,0,1,0,1,0,1,0,44.47999999999996
1,0,0,0,0,0,1,0,1,0,0,1,0,1,0,0,1,0,1,1,0,0,42.77999999999997
1,0,0,0,0,0,1,0,1,0,0,1,0,1,0,0,1,1,0,0,0,1,41.369999999999976
1,0,0,0,0,0,1,0,1,0,0,1,0,1,0,0,1,1,0,0,1,0,43.869999999999976
1,0,0,0,0,0,1,0,1,0,0,1,0,1,0,0,1,1,0,1,0,0,46.889999999999986
1,0,0,0,0,0,1,0,1,0,0,1,0,1,0,1,0,0,1,0,0,1,44.47999999999996
1,0,0,0,0,0,1,0,1,0,0,1,0,1,0,1,0,0,1,0,1,0,52.41999999999996
1,0,0,0,0,0,1,0,1,0,0,1,0,1,0,1,0,0,1,1,0,0,38.72999999999996
1,0,0,0,0,0,1,0,1,0,0,1,0,1,0,1,0,1,0,0,0,1,39.66999999999996
1,0,0,0,0,0,1,0,1,0,0,1,0,1,0,1,0,1,0,0,1,0,42.72999999999996
1,0,0,0,0,0,1,0,1,0,0,1,0,1,0,1,0,1,0,1,0,0,45.37999999999997
1,0,0,0,0,0,1,0,1,0,1,0,0,0,1,0,1,0,1,0,0,1,56.569999999999965
1,0,0,0,0,0,1,0,1,0,1,0,0,0,1,0,1,0,1,0,1,0,33.72999999999996
1,0,0,0,0,0,1,0,1,0,1,0,0,0,1,0,1,0,1,1,0,0,36.74999999999997
1,0,0,0,0,0,1,0,1,0,1,0,0,0,1,0,1,1,0,0,0,1,42.18999999999997
1,0,0,0,0,0,1,0,1,0,1,0,0,0,1,0,1,1,0,0,1,0,40.20999999999998
1,0,0,0,0,0,1,0,1,0,1,0,0,0,1,0,1,1,0,1,0,0,51.42999999999998
1,0,0,0,0,0,1,0,1,0,1,0,0,0,1,1,0,0,1,0,0,1,54.099999999999966
1,0,0,0,0,0,1,0,1,0,1,0,0,0,1,1,0,0,1,0,1,0,39.109999999999985
1,0,0,0,0,0,1,0,1,0,1,0,0,0,1,1,0,0,1,1,0,0,38.46999999999997
1,0,0,0,0,0,1,0,1,0,1,0,0,0,1,1,0,1,0,0,0,1,67.82999999999998
1,0,0,0,0,0,1,0,1,0,1,0,0,0,1,1,0,1,0,0,1,0,40.69999999999996
1,0,0,0,0,0,1,0,1,0,1,0,0,0,1,1,0,1,0,1,0,0,35.15999999999997
1,0,0,0,0,0,1,0,1,0,1,0,0,1,0,0,1,0,1,0,0,1,34.01999999999998
1,0,0,0,0,0,1,0,1,0,1,0,0,1,0,0,1,0,1,0,1,0,48.51999999999998
1,0,0,0,0,0,1,0,1,0,1,0,0,1,0,0,1,0,1,1,0,0,46.69999999999996
1,0,0,0,0,0,1,0,1,0,1,0,0,1,0,0,1,1,0,0,0,1,37.119999999999976
1,0,0,0,0,0,1,0,1,0,1,0,0,1,0,0,1,1,0,0,1,0,41.74999999999997
1,0,0,0,0,0,1,0,1,0,1,0,0,1,0,0,1,1,0,1,0,0,40.26999999999998
1,0,0,0,0,0,1,0,1,0,1,0,0,1,0,1,0,0,1,0,0,1,45.109999999999985
1,0,0,0,0,0,1,0,1,0,1,0,0,1,0,1,0,0,1,0,1,0,42.23999999999998
1,0,0,0,0,0,1,0,1,0,1,0,0,1,0,1,0,0,1,1,0,0,41.829999999999984
1,0,0,0,0,0,1,0,1,0,1,0,0,1,0,1,0,1,0,0,0,1,48.25999999999996
1,0,0,0,0,0,1,0,1,0,1,0,0,1,0,1,0,1,0,0,1,0,40.27999999999997
1,0,0,0,0,0,1,0,1,0,1,0,0,1,0,1,0,1,0,1,0,0,45.24999999999997
1,0,0,0,0,0,1,1,0,0,0,0,1,0,1,0,1,0,1,0,0,1,43.25999999999996
1,0,0,0,0,0,1,1,0,0,0,0,1,0,1,0,1,0,1,0,1,0,45.559999999999974
1,0,0,0,0,0,1,1,0,0,0,0,1,0,1,0,1,0,1,1,0,0,42.39999999999998
1,0,0,0,0,0,1,1,0,0,0,0,1,0,1,0,1,1,0,0,0,1,33.72999999999996
1,0,0,0,0,0,1,1,0,0,0,0,1,0,1,0,1,1,0,0,1,0,41.68999999999997
1,0,0,0,0,0,1,1,0,0,0,0,1,0,1,0,1,1,0,1,0,0,33.67999999999998
1,0,0,0,0,0,1,1,0,0,0,0,1,0,1,1,0,0,1,0,0,1,49.15999999999997
1,0,0,0,0,0,1,1,0,0,0,0,1,0,1,1,0,0,1,0,1,0,38.859999999999985
1,0,0,0,0,0,1,1,0,0,0,0,1,0,1,1,0,0,1,1,0,0,45.889999999999986
1,0,0,0,0,0,1,1,0,0,0,0,1,0,1,1,0,1,0,0,0,1,44.609999999999985
1,0,0,0,0,0,1,1,0,0,0,0,1,0,1,1,0,1,0,0,1,0,41.29999999999998
1,0,0,0,0,0,1,1,0,0,0,0,1,0,1,1,0,1,0,1,0,0,43.539999999999964
1,0,0,0,0,0,1,1,0,0,0,0,1,1,0,0,1,0,1,0,0,1,43.77999999999997
1,0,0,0,0,0,1,1,0,0,0,0,1,1,0,0,1,0,1,0,1,0,36.50999999999996
1,0,0,0,0,0,1,1,0,0,0,0,1,1,0,0,1,0,1,1,0,0,51.639999999999986
1,0,0,0,0,0,1,1,0,0,0,0,1,1,0,0,1,1,0,0,0,1,39.17999999999998
1,0,0,0,0,0,1,1,0,0,0,0,1,1,0,0,1,1,0,0,1,0,42.869999999999976
1,0,0,0,0,0,1,1,0,0,0,0,1,1,0,0,1,1,0,1,0,0,44.819999999999965
1,0,0,0,0,0,1,1,0,0,0,0,1,1,0,1,0,0,1,0,0,1,49.819999999999965
1,0,0,0,0,0,1,1,0,0,0,0,1,1,0,1,0,0,1,0,1,0,43.25999999999996
1,0,0,0,0,0,1,1,0,0,0,0,1,1,0,1,0,0,1,1,0,0,41.639999999999986
1,0,0,0,0,0,1,1,0,0,0,0,1,1,0,1,0,1,0,0,0,1,42.14999999999998
1,0,0,0,0,0,1,1,0,0,0,0,1,1,0,1,0,1,0,0,1,0,43.25999999999996
1,0,0,0,0,0,1,1,0,0,0,0,1,1,0,1,0,1,0,1,0,0,37.849999999999966
1,0,0,0,0,0,1,1,0,0,0,1,0,0,1,0,1,0,1,0,0,1,47.329999999999984
1,0,0,0,0,0,1,1,0,0,0,1,0,0,1,0,1,0,1,0,1,0,76.32999999999998
1,0,0,0,0,0,1,1,0,0,0,1,0,0,1,0,1,0,1,1,0,0,44.079999999999984
1,0,0,0,0,0,1,1,0,0,0,1,0,0,1,0,1,1,0,0,0,1,35.73999999999998
1,0,0,0,0,0,1,1,0,0,0,1,0,0,1,0,1,1,0,0,1,0,47.15999999999997
1,0,0,0,0,0,1,1,0,0,0,1,0,0,1,0,1,1,0,1,0,0,48.539999999999964
1,0,0,0,0,0,1,1,0,0,0,1,0,0,1,1,0,0,1,0,0,1,35.71999999999997
1,0,0,0,0,0,1,1,0,0,0,1,0,0,1,1,0,0,1,0,1,0,41.47999999999996
1,0,0,0,0,0,1,1,0,0,0,1,0,0,1,1,0,0,1,1,0,0,38.579999999999984
1,0,0,0,0,0,1,1,0,0,0,1,0,0,1,1,0,1,0,0,0,1,42.77999999999997
1,0,0,0,0,0,1,1,0,0,0,1,0,0,1,1,0,1,0,0,1,0,55.01999999999998
1,0,0,0,0,0,1,1,0,0,0,1,0,0,1,1,0,1,0,1,0,0,45.139999999999986
1,0,0,0,0,0,1,1,0,0,0,1,0,1,0,0,1,0,1,0,0,1,43.579999999999984
1,0,0,0,0,0,1,1,0,0,0,1,0,1,0,0,1,0,1,0,1,0,43.859999999999985
1,0,0,0,0,0,1,1,0,0,0,1,0,1,0,0,1,0,1,1,0,0,42.92999999999998
1,0,0,0,0,0,1,1,0,0,0,1,0,1,0,0,1,1,0,0,0,1,44.00999999999996
1,0,0,0,0,0,1,1,0,0,0,1,0,1,0,0,1,1,0,0,1,0,38.119999999999976
1,0,0,0,0,0,1,1,0,0,0,1,0,1,0,0,1,1,0,1,0,0,47.539999999999964
1,0,0,0,0,0,1,1,0,0,0,1,0,1,0,1,0,0,1,0,0,1,45.41999999999996
1,0,0,0,0,0,1,1,0,0,0,1,0,1,0,1,0,0,1,0,1,0,37.29999999999998
1,0,0,0,0,0,1,1,0,0,0,1,0,1,0,1,0,0,1,1,0,0,46.089999999999975
1,0,0,0,0,0,1,1,0,0,0,1,0,1,0,1,0,1,0,0,0,1,51.559999999999974
1,0,0,0,0,0,1,1,0,0,0,1,0,1,0,1,0,1,0,0,1,0,44.69999999999996
1,0,0,0,0,0,1,1,0,0,0,1,0,1,0,1,0,1,0,1,0,0,46.359999999999985
1,0,0,0,0,0,1,1,0,0,1,0,0,0,1,0,1,0,1,0,0,1,38.51999999999998
1,0,0,0,0,0,1,1,0,0,1,0,0,0,1,0,1,0,1,0,1,0,52.139999999999986
1,0,0,0,0,0,1,1,0,0,1,0,0,0,1,0,1,0,1,1,0,0,45.889999999999986
1,0,0,0,0,0,1,1,0,0,1,0,0,0,1,0,1,1,0,0,0,1,43.02999999999997
1,0,0,0,0,0,1,1,0,0,1,0,0,0,1,0,1,1,0,0,1,0,42.77999999999997
1,0,0,0,0,0,1,1,0,0,1,0,0,0,1,0,1,1,0,1,0,0,39.22999999999996
1,0,0,0,0,0,1,1,0,0,1,0,0,0,1,1,0,0,1,0,0,1,45.27999999999997
1,0,0,0,0,0,1,1,0,0,1,0,0,0,1,1,0,0,1,0,1,0,38.139999999999986
1,0,0,0,0,0,1,1,0,0,1,0,0,0,1,1,0,0,1,1,0,0,39.50999999999996
1,0,0,0,0,0,1,1,0,0,1,0,0,0,1,1,0,1,0,0,0,1,51.37999999999997
1,0,0,0,0,0,1,1,0,0,1,0,0,0,1,1,0,1,0,0,1,0,38.079999999999984
1,0,0,0,0,0,1,1,0,0,1,0,0,0,1,1,0,1,0,1,0,0,48.44999999999996
1,0,0,0,0,0,1,1,0,0,1,0,0,1,0,0,1,0,1,0,0,1,36.389999999999986
1,0,0,0,0,0,1,1,0,0,1,0,0,1,0,0,1,0,1,0,1,0,41.92999999999998
1,0,0,0,0,0,1,1,0,0,1,0,0,1,0,0,1,0,1,1,0,0,79.57999999999998
1,0,0,0,0,0,1,1,0,0,1,0,0,1,0,0,1,1,0,0,0,1,41.99999999999997
1,0,0,0,0,0,1,1,0,0,1,0,0,1,0,0,1,1,0,0,1,0,50.329999999999984
1,0,0,0,0,0,1,1,0,0,1,0,0,1,0,0,1,1,0,1,0,0,49.29999999999998
1,0,0,0,0,0,1,1,0,0,1,0,0,1,0,1,0,0,1,0,0,1,41.66999999999996
1,0,0,0,0,0,1,1,0,0,1,0,0,1,0,1,0,0,1,0,1,0,41.289999999999964
1,0,0,0,0,0,1,1,0,0,1,0,0,1,0,1,0,0,1,1,0,0,41.609999999999985
1,0,0,0,0,0,1,1,0,0,1,0,0,1,0,1,0,1,0,0,0,1,44.77999999999997
1,0,0,0,0,0,1,1,0,0,1,0,0,1,0,1,0,1,0,0,1,0,44.789999999999964
1,0,0,0,0,0,1,1,0,0,1,0,0,1,0,1,0,1,0,1,0,0,41.65999999999997
1,0,0,0,0,1,0,0,0,1,0,0,1,0,1,0,1,0,1,0,0,1,45.16999999999996
1,0,0,0,0,1,0,0,0,1,0,0,1,0,1,0,1,0,1,0,1,0,38.44999999999996
1,0,0,0,0,1,0,0,0,1,0,0,1,0,1,0,1,0,1,1,0,0,50.71999999999997
1,0,0,0,0,1,0,0,0,1,0,0,1,0,1,0,1,1,0,0,0,1,51.44999999999996
1,0,0,0,0,1,0,0,0,1,0,0,1,0,1,0,1,1,0,0,1,0,43.039999999999964
1,0,0,0,0,1,0,0,0,1,0,0,1,0,1,0,1,1,0,1,0,0,45.639999999999986
1,0,0,0,0,1,0,0,0,1,0,0,1,0,1,1,0,0,1,0,0,1,44.079999999999984
1,0,0,0,0,1,0,0,0,1,0,0,1,0,1,1,0,0,1,0,1,0,42.75999999999996
1,0,0,0,0,1,0,0,0,1,0,0,1,0,1,1,0,0,1,1,0,0,39.70999999999998
1,0,0,0,0,1,0,0,0,1,0,0,1,0,1,1,0,1,0,0,0,1,38.109999999999985
1,0,0,0,0,1,0,0,0,1,0,0,1,0,1,1,0,1,0,0,1,0,42.66999999999996
1,0,0,0,0,1,0,0,0,1,0,0,1,0,1,1,0,1,0,1,0,0,37.099999999999966
1,0,0,0,0,1,0,0,0,1,0,0,1,1,0,0,1,0,1,0,0,1,44.069999999999965
1,0,0,0,0,1,0,0,0,1,0,0,1,1,0,0,1,0,1,0,1,0,41.069999999999965
1,0,0,0,0,1,0,0,0,1,0,0,1,1,0,0,1,0,1,1,0,0,49.52999999999997
1,0,0,0,0,1,0,0,0,1,0,0,1,1,0,0,1,1,0,0,0,1,42.45999999999998
1,0,0,0,0,1,0,0,0,1,0,0,1,1,0,0,1,1,0,0,1,0,46.24999999999997
1,0,0,0,0,1,0,0,0,1,0,0,1,1,0,0,1,1,0,1,0,0,52.21999999999997
1,0,0,0,0,1,0,0,0,1,0,0,1,1,0,1,0,0,1,0,0,1,42.77999999999997
1,0,0,0,0,1,0,0,0,1,0,0,1,1,0,1,0,0,1,0,1,0,50.72999999999996
1,0,0,0,0,1,0,0,0,1,0,0,1,1,0,1,0,0,1,1,0,0,48.609999999999985
1,0,0,0,0,1,0,0,0,1,0,0,1,1,0,1,0,1,0,0,0,1,39.14999999999998
1,0,0,0,0,1,0,0,0,1,0,0,1,1,0,1,0,1,0,0,1,0,51.119999999999976
1,0,0,0,0,1,0,0,0,1,0,0,1,1,0,1,0,1,0,1,0,0,37.40999999999997
1,0,0,0,0,1,0,0,0,1,0,1,0,0,1,0,1,0,1,0,0,1,44.369999999999976
1,0,0,0,0,1,0,0,0,1,0,1,0,0,1,0,1,0,1,0,1,0,45.43999999999997
1,0,0,0,0,1,0,0,0,1,0,1,0,0,1,0,1,0,1,1,0,0,38.19999999999996
1,0,0,0,0,1,0,0,0,1,0,1,0,0,1,0,1,1,0,0,0,1,46.14999999999998
1,0,0,0,0,1,0,0,0,1,0,1,0,0,1,0,1,1,0,0,1,0,37.359999999999985
1,0,0,0,0,1,0,0,0,1,0,1,0,0,1,0,1,1,0,1,0,0,37.45999999999998
1,0,0,0,0,1,0,0,0,1,0,1,0,0,1,1,0,0,1,0,0,1,44.819999999999965
1,0,0,0,0,1,0,0,0,1,0,1,0,0,1,1,0,0,1,0,1,0,79.97999999999996
1,0,0,0,0,1,0,0,0,1,0,1,0,0,1,1,0,0,1,1,0,0,44.859999999999985
1,0,0,0,0,1,0,0,0,1,0,1,0,0,1,1,0,1,0,0,0,1,41.639999999999986
1,0,0,0,0,1,0,0,0,1,0,1,0,0,1,1,0,1,0,0,1,0,42.609999999999985
1,0,0,0,0,1,0,0,0,1,0,1,0,0,1,1,0,1,0,1,0,0,44.75999999999996
1,0,0,0,0,1,0,0,0,1,0,1,0,1,0,0,1,0,1,0,0,1,45.119999999999976
1,0,0,0,0,1,0,0,0,1,0,1,0,1,0,0,1,0,1,0,1,0,40.00999999999996
1,0,0,0,0,1,0,0,0,1,0,1,0,1,0,0,1,0,1,1,0,0,57.02999999999997
1,0,0,0,0,1,0,0,0,1,0,1,0,1,0,0,1,1,0,0,0,1,49.319999999999965
1,0,0,0,0,1,0,0,0,1,0,1,0,1,0,0,1,1,0,0,1,0,41.98999999999998
1,0,0,0,0,1,0,0,0,1,0,1,0,1,0,0,1,1,0,1,0,0,40.48999999999998
1,0,0,0,0,1,0,0,0,1,0,1,0,1,0,1,0,0,1,0,0,1,39.77999999999997
1,0,0,0,0,1,0,0,0,1,0,1,0,1,0,1,0,0,1,0,1,0,47.309999999999974
1,0,0,0,0,1,0,0,0,1,0,1,0,1,0,1,0,0,1,1,0,0,42.68999999999997
1,0,0,0,0,1,0,0,0,1,0,1,0,1,0,1,0,1,0,0,0,1,40.50999999999996
1,0,0,0,0,1,0,0,0,1,0,1,0,1,0,1,0,1,0,0,1,0,39.04999999999998
1,0,0,0,0,1,0,0,0,1,0,1,0,1,0,1,0,1,0,1,0,0,48.66999999999996
1,0,0,0,0,1,0,0,0,1,1,0,0,0,1,0,1,0,1,0,0,1,38.889999999999986
1,0,0,0,0,1,0,0,0,1,1,0,0,0,1,0,1,0,1,0,1,0,45.18999999999997
1,0,0,0,0,1,0,0,0,1,1,0,0,0,1,0,1,0,1,1,0,0,55.12999999999997
1,0,0,0,0,1,0,0,0,1,1,0,0,0,1,0,1,1,0,0,0,1,42.45999999999998
1,0,0,0,0,1,0,0,0,1,1,0,0,0,1,0,1,1,0,0,1,0,45.309999999999974
1,0,0,0,0,1,0,0,0,1,1,0,0,0,1,0,1,1,0,1,0,0,48.869999999999976
1,0,0,0,0,1,0,0,0,1,1,0,0,0,1,1,0,0,1,0,0,1,45.329999999999984
1,0,0,0,0,1,0,0,0,1,1,0,0,0,1,1,0,0,1,0,1,0,45.089999999999975
1,0,0,0,0,1,0,0,0,1,1,0,0,0,1,1,0,0,1,1,0,0,48.37999999999997
1,0,0,0,0,1,0,0,0,1,1,0,0,0,1,1,0,1,0,0,0,1,38.69999999999996
1,0,0,0,0,1,0,0,0,1,1,0,0,0,1,1,0,1,0,0,1,0,46.94999999999996
1,0,0,0,0,1,0,0,0,1,1,0,0,0,1,1,0,1,0,1,0,0,36.29999999999998
1,0,0,0,0,1,0,0,0,1,1,0,0,1,0,0,1,0,1,0,0,1,43.839999999999975
1,0,0,0,0,1,0,0,0,1,1,0,0,1,0,0,1,0,1,0,1,0,32.589999999999975
1,0,0,0,0,1,0,0,0,1,1,0,0,1,0,0,1,0,1,1,0,0,40.069999999999965
1,0,0,0,0,1,0,0,0,1,1,0,0,1,0,0,1,1,0,0,0,1,52.51999999999998
1,0,0,0,0,1,0,0,0,1,1,0,0,1,0,0,1,1,0,0,1,0,35.829999999999984
1,0,0,0,0,1,0,0,0,1,1,0,0,1,0,0,1,1,0,1,0,0,48.829999999999984
1,0,0,0,0,1,0,0,0,1,1,0,0,1,0,1,0,0,1,0,0,1,35.67999999999998
1,0,0,0,0,1,0,0,0,1,1,0,0,1,0,1,0,0,1,0,1,0,41.71999999999997
1,0,0,0,0,1,0,0,0,1,1,0,0,1,0,1,0,0,1,1,0,0,38.73999999999998
1,0,0,0,0,1,0,0,0,1,1,0,0,1,0,1,0,1,0,0,0,1,77.89999999999998
1,0,0,0,0,1,0,0,0,1,1,0,0,1,0,1,0,1,0,0,1,0,49.289999999999964
1,0,0,0,0,1,0,0,0,1,1,0,0,1,0,1,0,1,0,1,0,0,34.26999999999998
1,0,0,0,0,1,0,0,1,0,0,0,1,0,1,0,1,0,1,0,0,1,48.789999999999964
1,0,0,0,0,1,0,0,1,0,0,0,1,0,1,0,1,0,1,0,1,0,49.94999999999996
1,0,0,0,0,1,0,0,1,0,0,0,1,0,1,0,1,0,1,1,0,0,36.96999999999997
1,0,0,0,0,1,0,0,1,0,0,0,1,0,1,0,1,1,0,0,0,1,38.94999999999996
1,0,0,0,0,1,0,0,1,0,0,0,1,0,1,0,1,1,0,0,1,0,44.76999999999998
1,0,0,0,0,1,0,0,1,0,0,0,1,0,1,0,1,1,0,1,0,0,39.589999999999975
1,0,0,0,0,1,0,0,1,0,0,0,1,0,1,1,0,0,1,0,0,1,46.71999999999997
1,0,0,0,0,1,0,0,1,0,0,0,1,0,1,1,0,0,1,0,1,0,45.609999999999985
1,0,0,0,0,1,0,0,1,0,0,0,1,0,1,1,0,0,1,1,0,0,40.16999999999996
1,0,0,0,0,1,0,0,1,0,0,0,1,0,1,1,0,1,0,0,0,1,35.359999999999985
1,0,0,0,0,1,0,0,1,0,0,0,1,0,1,1,0,1,0,0,1,0,39.39999999999998
1,0,0,0,0,1,0,0,1,0,0,0,1,0,1,1,0,1,0,1,0,0,47.01999999999998
1,0,0,0,0,1,0,0,1,0,0,0,1,1,0,0,1,0,1,0,0,1,35.71999999999997
1,0,0,0,0,1,0,0,1,0,0,0,1,1,0,0,1,0,1,0,1,0,40.42999999999998
1,0,0,0,0,1,0,0,1,0,0,0,1,1,0,0,1,0,1,1,0,0,31.859999999999985
1,0,0,0,0,1,0,0,1,0,0,0,1,1,0,0,1,1,0,0,0,1,44.559999999999974
1,0,0,0,0,1,0,0,1,0,0,0,1,1,0,0,1,1,0,0,1,0,32.37999999999997
1,0,0,0,0,1,0,0,1,0,0,0,1,1,0,0,1,1,0,1,0,0,45.599999999999966
1,0,0,0,0,1,0,0,1,0,0,0,1,1,0,1,0,0,1,0,0,1,45.71999999999997
1,0,0,0,0,1,0,0,1,0,0,0,1,1,0,1,0,0,1,0,1,0,37.12999999999997
1,0,0,0,0,1,0,0,1,0,0,0,1,1,0,1,0,0,1,1,0,0,43.089999999999975
1,0,0,0,0,1,0,0,1,0,0,0,1,1,0,1,0,1,0,0,0,1,41.579999999999984
1,0,0,0,0,1,0,0,1,0,0,0,1,1,0,1,0,1,0,0,1,0,48.41999999999996
1,0,0,0,0,1,0,0,1,0,0,0,1,1,0,1,0,1,0,1,0,0,51.289999999999964
1,0,0,0,0,1,0,0,1,0,0,1,0,0,1,0,1,0,1,0,0,1,42.559999999999974
1,0,0,0,0,1,0,0,1,0,0,1,0,0,1,0,1,0,1,0,1,0,43.639999999999986
1,0,0,0,0,1,0,0,1,0,0,1,0,0,1,0,1,0,1,1,0,0,45.359999999999985
1,0,0,0,0,1,0,0,1,0,0,1,0,0,1,0,1,1,0,0,0,1,49.079999999999984
1,0,0,0,0,1,0,0,1,0,0,1,0,0,1,0,1,1,0,0,1,0,39.369999999999976
1,0,0,0,0,1,0,0,1,0,0,1,0,0,1,0,1,1,0,1,0,0,40.71999999999997
1,0,0,0,0,1,0,0,1,0,0,1,0,0,1,1,0,0,1,0,0,1,48.119999999999976
1,0,0,0,0,1,0,0,1,0,0,1,0,0,1,1,0,0,1,0,1,0,37.389999999999986
1,0,0,0,0,1,0,0,1,0,0,1,0,0,1,1,0,0,1,1,0,0,45.44999999999996
1,0,0,0,0,1,0,0,1,0,0,1,0,0,1,1,0,1,0,0,0,1,43.65999999999997
1,0,0,0,0,1,0,0,1,0,0,1,0,0,1,1,0,1,0,0,1,0,79.08999999999997
1,0,0,0,0,1,0,0,1,0,0,1,0,0,1,1,0,1,0,1,0,0,41.389999999999986
1,0,0,0,0,1,0,0,1,0,0,1,0,1,0,0,1,0,1,0,0,1,49.00999999999996
1,0,0,0,0,1,0,0,1,0,0,1,0,1,0,0,1,0,1,0,1,0,50.309999999999974
1,0,0,0,0,1,0,0,1,0,0,1,0,1,0,0,1,0,1,1,0,0,44.24999999999997
1,0,0,0,0,1,0,0,1,0,0,1,0,1,0,0,1,1,0,0,0,1,44.339999999999975
1,0,0,0,0,1,0,0,1,0,0,1,0,1,0,0,1,1,0,0,1,0,43.119999999999976
1,0,0,0,0,1,0,0,1,0,0,1,0,1,0,0,1,1,0,1,0,0,43.91999999999996
1,0,0,0,0,1,0,0,1,0,0,1,0,1,0,1,0,0,1,0,0,1,48.70999999999998
1,0,0,0,0,1,0,0,1,0,0,1,0,1,0,1,0,0,1,0,1,0,43.039999999999964
1,0,0,0,0,1,0,0,1,0,0,1,0,1,0,1,0,0,1,1,0,0,43.95999999999998
1,0,0,0,0,1,0,0,1,0,0,1,0,1,0,1,0,1,0,0,0,1,50.98999999999998
1,0,0,0,0,1,0,0,1,0,0,1,0,1,0,1,0,1,0,0,1,0,44.15999999999997
1,0,0,0,0,1,0,0,1,0,0,1,0,1,0,1,0,1,0,1,0,0,39.109999999999985
1,0,0,0,0,1,0,0,1,0,1,0,0,0,1,0,1,0,1,0,0,1,45.109999999999985
1,0,0,0,0,1,0,0,1,0,1,0,0,0,1,0,1,0,1,0,1,0,24.109999999999957
1,0,0,0,0,1,0,0,1,0,1,0,0,0,1,0,1,0,1,1,0,0,45.96999999999997
1,0,0,0,0,1,0,0,1,0,1,0,0,0,1,0,1,1,0,0,0,1,48.48999999999998
1,0,0,0,0,1,0,0,1,0,1,0,0,0,1,0,1,1,0,0,1,0,37.01999999999998
1,0,0,0,0,1,0,0,1,0,1,0,0,0,1,0,1,1,0,1,0,0,47.93999999999997
1,0,0,0,0,1,0,0,1,0,1,0,0,0,1,1,0,0,1,0,0,1,38.49999999999997
1,0,0,0,0,1,0,0,1,0,1,0,0,0,1,1,0,0,1,0,1,0,43.789999999999964
1,0,0,0,0,1,0,0,1,0,1,0,0,0,1,1,0,0,1,1,0,0,48.389999999999986
1,0,0,0,0,1,0,0,1,0,1,0,0,0,1,1,0,1,0,0,0,1,42.46999999999997
1,0,0,0,0,1,0,0,1,0,1,0,0,0,1,1,0,1,0,0,1,0,38.609999999999985
1,0,0,0,0,1,0,0,1,0,1,0,0,0,1,1,0,1,0,1,0,0,47.849999999999966
1,0,0,0,0,1,0,0,1,0,1,0,0,1,0,0,1,0,1,0,0,1,44.94999999999996
1,0,0,0,0,1,0,0,1,0,1,0,0,1,0,0,1,0,1,0,1,0,54.15999999999997
1,0,0,0,0,1,0,0,1,0,1,0,0,1,0,0,1,0,1,1,0,0,42.569999999999965
1,0,0,0,0,1,0,0,1,0,1,0,0,1,0,0,1,1,0,0,0,1,48.99999999999997
1,0,0,0,0,1,0,0,1,0,1,0,0,1,0,0,1,1,0,0,1,0,64.35999999999999
1,0,0,0,0,1,0,0,1,0,1,0,0,1,0,0,1,1,0,1,0,0,41.79999999999998
1,0,0,0,0,1,0,0,1,0,1,0,0,1,0,1,0,0,1,0,0,1,44.849999999999966
1,0,0,0,0,1,0,0,1,0,1,0,0,1,0,1,0,0,1,0,1,0,41.45999999999998
1,0,0,0,0,1,0,0,1,0,1,0,0,1,0,1,0,0,1,1,0,0,42.27999999999997
1,0,0,0,0,1,0,0,1,0,1,0,0,1,0,1,0,1,0,0,0,1,53.02999999999997
1,0,0,0,0,1,0,0,1,0,1,0,0,1,0,1,0,1,0,0,1,0,44.609999999999985
1,0,0,0,0,1,0,0,1,0,1,0,0,1,0,1,0,1,0,1,0,0,54.66999999999996
1,0,0,0,0,1,0,1,0,0,0,0,1,0,1,0,1,0,1,0,0,1,42.599999999999966
1,0,0,0,0,1,0,1,0,0,0,0,1,0,1,0,1,0,1,0,1,0,48.76999999999998
1,0,0,0,0,1,0,1,0,0,0,0,1,0,1,0,1,0,1,1,0,0,51.46999999999997
1,0,0,0,0,1,0,1,0,0,0,0,1,0,1,0,1,1,0,0,0,1,47.859999999999985
1,0,0,0,0,1,0,1,0,0,0,0,1,0,1,0,1,1,0,0,1,0,39.52999999999997
1,0,0,0,0,1,0,1,0,0,0,0,1,0,1,0,1,1,0,1,0,0,55.839999999999975
1,0,0,0,0,1,0,1,0,0,0,0,1,0,1,1,0,0,1,0,0,1,43.87999999999997
1,0,0,0,0,1,0,1,0,0,0,0,1,0,1,1,0,0,1,0,1,0,51.39999999999998
1,0,0,0,0,1,0,1,0,0,0,0,1,0,1,1,0,0,1,1,0,0,33.319999999999965
1,0,0,0,0,1,0,1,0,0,0,0,1,0,1,1,0,1,0,0,0,1,42.29999999999998
1,0,0,0,0,1,0,1,0,0,0,0,1,0,1,1,0,1,0,0,1,0,11.609999999999957
1,0,0,0,0,1,0,1,0,0,0,0,1,0,1,1,0,1,0,1,0,0,0.0
1,0,0,0,0,1,0,1,0,0,0,0,1,1,0,0,1,0,1,0,0,1,33.40999999999997
1,0,0,0,0,1,0,1,0,0,0,0,1,1,0,0,1,0,1,0,1,0,36.41999999999996
1,0,0,0,0,1,0,1,0,0,0,0,1,1,0,0,1,0,1,1,0,0,41.16999999999996
1,0,0,0,0,1,0,1,0,0,0,0,1,1,0,0,1,1,0,0,0,1,32.22999999999996
1,0,0,0,0,1,0,1,0,0,0,0,1,1,0,0,1,1,0,0,1,0,37.87999999999997
1,0,0,0,0,1,0,1,0,0,0,0,1,1,0,0,1,1,0,1,0,0,51.91999999999996
1,0,0,0,0,1,0,1,0,0,0,0,1,1,0,1,0,0,1,0,0,1,48.079999999999984
1,0,0,0,0,1,0,1,0,0,0,0,1,1,0,1,0,0,1,0,1,0,45.18999999999997
1,0,0,0,0,1,0,1,0,0,0,0,1,1,0,1,0,0,1,1,0,0,21.599999999999966
1,0,0,0,0,1,0,1,0,0,0,0,1,1,0,1,0,1,0,0,0,1,53.089999999999975
1,0,0,0,0,1,0,1,0,0,0,0,1,1,0,1,0,1,0,0,1,0,49.639999999999986
1,0,0,0,0,1,0,1,0,0,0,0,1,1,0,1,0,1,0,1,0,0,36.42999999999998
1,0,0,0,0,1,0,1,0,0,0,1,0,0,1,0,1,0,1,0,0,1,49.099999999999966
1,0,0,0,0,1,0,1,0,0,0,1,0,0,1,0,1,0,1,0,1,0,43.70999999999998
1,0,0,0,0,1,0,1,0,0,0,1,0,0,1,0,1,0,1,1,0,0,41.21999999999997
1,0,0,0,0,1,0,1,0,0,0,1,0,0,1,0,1,1,0,0,0,1,49.809999999999974
1,0,0,0,0,1,0,1,0,0,0,1,0,0,1,0,1,1,0,0,1,0,45.539999999999964
1,0,0,0,0,1,0,1,0,0,0,1,0,0,1,0,1,1,0,1,0,0,49.65999999999997
1,0,0,0,0,1,0,1,0,0,0,1,0,0,1,1,0,0,1,0,0,1,50.47999999999996
1,0,0,0,0,1,0,1,0,0,0,1,0,0,1,1,0,0,1,0,1,0,43.119999999999976
1,0,0,0,0,1,0,1,0,0,0,1,0,0,1,1,0,0,1,1,0,0,47.079999999999984
1,0,0,0,0,1,0,1,0,0,0,1,0,0,1,1,0,1,0,0,0,1,44.599999999999966
1,0,0,0,0,1,0,1,0,0,0,1,0,0,1,1,0,1,0,0,1,0,44.93999999999997
1,0,0,0,0,1,0,1,0,0,0,1,0,0,1,1,0,1,0,1,0,0,43.71999999999997
1,0,0,0,0,1,0,1,0,0,0,1,0,1,0,0,1,0,1,0,0,1,46.859999999999985
1,0,0,0,0,1,0,1,0,0,0,1,0,1,0,0,1,0,1,0,1,0,62.639999999999986
1,0,0,0,0,1,0,1,0,0,0,1,0,1,0,0,1,0,1,1,0,0,44.52999999999997
1,0,0,0,0,1,0,1,0,0,0,1,0,1,0,0,1,1,0,0,0,1,41.95999999999998
1,0,0,0,0,1,0,1,0,0,0,1,0,1,0,0,1,1,0,0,1,0,88.50999999999996
1,0,0,0,0,1,0,1,0,0,0,1,0,1,0,0,1,1,0,1,0,0,43.69999999999996
1,0,0,0,0,1,0,1,0,0,0,1,0,1,0,1,0,0,1,0,0,1,45.75999999999996
1,0,0,0,0,1,0,1,0,0,0,1,0,1,0,1,0,0,1,0,1,0,49.96999999999997
1,0,0,0,0,1,0,1,0,0,0,1,0,1,0,1,0,0,1,1,0,0,56.52999999999997
1,0,0,0,0,1,0,1,0,0,0,1,0,1,0,1,0,1,0,0,0,1,50.37999999999997
1,0,0,0,0,1,0,1,0,0,0,1,0,1,0,1,0,1,0,0,1,0,48.44999999999996
1,0,0,0,0,1,0,1,0,0,0,1,0,1,0,1,0,1,0,1,0,0,42.73999999999998
1,0,0,0,0,1,0,1,0,0,1,0,0,0,1,0,1,0,1,0,0,1,41.119999999999976
1,0,0,0,0,1,0,1,0,0,1,0,0,0,1,0,1,0,1,0,1,0,49.46999999999997
1,0,0,0,0,1,0,1,0,0,1,0,0,0,1,0,1,0,1,1,0,0,47.059999999999974
1,0,0,0,0,1,0,1,0,0,1,0,0,0,1,0,1,1,0,0,0,1,37.62999999999997
1,0,0,0,0,1,0,1,0,0,1,0,0,0,1,0,1,1,0,0,1,0,39.329999999999984
1,0,0,0,0,1,0,1,0,0,1,0,0,0,1,0,1,1,0,1,0,0,47.099999999999966
1,0,0,0,0,1,0,1,0,0,1,0,0,0,1,1,0,0,1,0,0,1,13.129999999999995
1,0,0,0,0,1,0,1,0,0,1,0,0,0,1,1,0,0,1,0,1,0,47.66999999999996
1,0,0,0,0,1,0,1,0,0,1,0,0,0,1,1,0,0,1,1,0,0,37.90999999999997
1,0,0,0,0,1,0,1,0,0,1,0,0,0,1,1,0,1,0,0,0,1,51.27999999999997
1,0,0,0,0,1,0,1,0,0,1,0,0,0,1,1,0,1,0,0,1,0,42.589999999999975
1,0,0,0,0,1,0,1,0,0,1,0,0,0,1,1,0,1,0,1,0,0,58.389999999999986
1,0,0,0,0,1,0,1,0,0,1,0,0,1,0,0,1,0,1,0,0,1,47.97999999999996
1,0,0,0,0,1,0,1,0,0,1,0,0,1,0,0,1,0,1,0,1,0,44.69999999999996
1,0,0,0,0,1,0,1,0,0,1,0,0,1,0,0,1,0,1,1,0,0,39.839999999999975
1,0,0,0,0,1,0,1,0,0,1,0,0,1,0,0,1,1,0,0,0,1,47.00999999999996
1,0,0,0,0,1,0,1,0,0,1,0,0,1,0,0,1,1,0,0,1,0,41.319999999999965
1,0,0,0,0,1,0,1,0,0,1,0,0,1,0,0,1,1,0,1,0,0,45.27999999999997
1,0,0,0,0,1,0,1,0,0,1,0,0,1,0,1,0,0,1,0,0,1,40.14999999999998
1,0,0,0,0,1,0,1,0,0,1,0,0,1,0,1,0,0,1,0,1,0,37.00999999999996
1,0,0,0,0,1,0,1,0,0,1,0,0,1,0,1,0,0,1,1,0,0,51.74999999999997
1,0,0,0,0,1,0,1,0,0,1,0,0,1,0,1,0,1,0,0,0,1,43.579999999999984
1,0,0,0,0,1,0,1,0,0,1,0,0,1,0,1,0,1,0,0,1,0,47.67999999999998
1,0,0,0,0,1,0,1,0,0,1,0,0,1,0,1,0,1,0,1,0,0,41.50999999999996
1,0,0,0,1,0,0,0,0,1,0,0,1,0,1,0,1,0,1,0,0,1,47.18999999999997
1,0,0,0,1,0,0,0,0,1,0,0,1,0,1,0,1,0,1,0,1,0,49.79999999999998
1,0,0,0,1,0,0,0,0,1,0,0,1,0,1,0,1,0,1,1,0,0,55.37999999999997
1,0,0,0,1,0,0,0,0,1,0,0,1,0,1,0,1,1,0,0,0,1,38.42999999999998
1,0,0,0,1,0,0,0,0,1,0,0,1,0,1,0,1,1,0,0,1,0,42.79999999999998
1,0,0,0,1,0,0,0,0,1,0,0,1,0,1,0,1,1,0,1,0,0,94.15999999999997
1,0,0,0,1,0,0,0,0,1,0,0,1,0,1,1,0,0,1,0,0,1,46.71999999999997
1,0,0,0,1,0,0,0,0,1,0,0,1,0,1,1,0,0,1,0,1,0,42.789999999999964
1,0,0,0,1,0,0,0,0,1,0,0,1,0,1,1,0,0,1,1,0,0,40.47999999999996
1,0,0,0,1,0,0,0,0,1,0,0,1,0,1,1,0,1,0,0,0,1,43.46999999999997
1,0,0,0,1,0,0,0,0,1,0,0,1,0,1,1,0,1,0,0,1,0,43.22999999999996
1,0,0,0,1,0,0,0,0,1,0,0,1,0,1,1,0,1,0,1,0,0,50.41999999999996
1,0,0,0,1,0,0,0,0,1,0,0,1,1,0,0,1,0,1,0,0,1,51.72999999999996
1,0,0,0,1,0,0,0,0,1,0,0,1,1,0,0,1,0,1,0,1,0,39.52999999999997
1,0,0,0,1,0,0,0,0,1,0,0,1,1,0,0,1,0,1,1,0,0,49.819999999999965
1,0,0,0,1,0,0,0,0,1,0,0,1,1,0,0,1,1,0,0,0,1,45.89999999999998
1,0,0,0,1,0,0,0,0,1,0,0,1,1,0,0,1,1,0,0,1,0,35.71999999999997
1,0,0,0,1,0,0,0,0,1,0,0,1,1,0,0,1,1,0,1,0,0,41.40999999999997
1,0,0,0,1,0,0,0,0,1,0,0,1,1,0,1,0,0,1,0,0,1,47.66999999999996
1,0,0,0,1,0,0,0,0,1,0,0,1,1,0,1,0,0,1,0,1,0,52.609999999999985
1,0,0,0,1,0,0,0,0,1,0,0,1,1,0,1,0,0,1,1,0,0,39.139999999999986
1,0,0,0,1,0,0,0,0,1,0,0,1,1,0,1,0,1,0,0,0,1,39.349999999999966
1,0,0,0,1,0,0,0,0,1,0,0,1,1,0,1,0,1,0,0,1,0,44.94999999999996
1,0,0,0,1,0,0,0,0,1,0,0,1,1,0,1,0,1,0,1,0,0,48.89999999999998
1,0,0,0,1,0,0,0,0,1,0,1,0,0,1,0,1,0,1,0,0,1,54.589999999999975
1,0,0,0,1,0,0,0,0,1,0,1,0,0,1,0,1,0,1,0,1,0,53.119999999999976
1,0,0,0,1,0,0,0,0,1,0,1,0,0,1,0,1,0,1,1,0,0,40.18999999999997
1,0,0,0,1,0,0,0,0,1,0,1,0,0,1,0,1,1,0,0,0,1,19.899999999999977
1,0,0,0,1,0,0,0,0,1,0,1,0,0,1,0,1,1,0,0,1,0,48.389999999999986
1,0,0,0,1,0,0,0,0,1,0,1,0,0,1,0,1,1,0,1,0,0,50.839999999999975
1,0,0,0,1,0,0,0,0,1,0,1,0,0,1,1,0,0,1,0,0,1,39.889999999999986
1,0,0,0,1,0,0,0,0,1,0,1,0,0,1,1,0,0,1,0,1,0,45.139999999999986
1,0,0,0,1,0,0,0,0,1,0,1,0,0,1,1,0,0,1,1,0,0,47.51999999999998
1,0,0,0,1,0,0,0,0,1,0,1,0,0,1,1,0,1,0,0,0,1,45.72999999999996
1,0,0,0,1,0,0,0,0,1,0,1,0,0,1,1,0,1,0,0,1,0,43.76999999999998
1,0,0,0,1,0,0,0,0,1,0,1,0,0,1,1,0,1,0,1,0,0,45.579999999999984
1,0,0,0,1,0,0,0,0,1,0,1,0,1,0,0,1,0,1,0,0,1,39.17999999999998
1,0,0,0,1,0,0,0,0,1,0,1,0,1,0,0,1,0,1,0,1,0,46.44999999999996
1,0,0,0,1,0,0,0,0,1,0,1,0,1,0,0,1,0,1,1,0,0,37.41999999999996
1,0,0,0,1,0,0,0,0,1,0,1,0,1,0,0,1,1,0,0,0,1,44.51999999999998
1,0,0,0,1,0,0,0,0,1,0,1,0,1,0,0,1,1,0,0,1,0,39.18999999999997
1,0,0,0,1,0,0,0,0,1,0,1,0,1,0,0,1,1,0,1,0,0,45.70999999999998
1,0,0,0,1,0,0,0,0,1,0,1,0,1,0,1,0,0,1,0,0,1,45.579999999999984
1,0,0,0,1,0,0,0,0,1,0,1,0,1,0,1,0,0,1,0,1,0,42.48999999999998
1,0,0,0,1,0,0,0,0,1,0,1,0,1,0,1,0,0,1,1,0,0,43.98999999999998
1,0,0,0,1,0,0,0,0,1,0,1,0,1,0,1,0,1,0,0,0,1,54.94999999999996
1,0,0,0,1,0,0,0,0,1,0,1,0,1,0,1,0,1,0,0,1,0,42.389999999999986
1,0,0,0,1,0,0,0,0,1,0,1,0,1,0,1,0,1,0,1,0,0,65.32999999999998
1,0,0,0,1,0,0,0,0,1,1,0,0,0,1,0,1,0,1,0,0,1,41.619999999999976
1,0,0,0,1,0,0,0,0,1,1,0,0,0,1,0,1,0,1,0,1,0,38.369999999999976
1,0,0,0,1,0,0,0,0,1,1,0,0,0,1,0,1,0,1,1,0,0,41.15999999999997
1,0,0,0,1,0,0,0,0,1,1,0,0,0,1,0,1,1,0,0,0,1,48.809999999999974
1,0,0,0,1,0,0,0,0,1,1,0,0,0,1,0,1,1,0,0,1,0,51.04999999999998
1,0,0,0,1,0,0,0,0,1,1,0,0,0,1,0,1,1,0,1,0,0,47.79999999999998
1,0,0,0,1,0,0,0,0,1,1,0,0,0,1,1,0,0,1,0,0,1,53.71999999999997
1,0,0,0,1,0,0,0,0,1,1,0,0,0,1,1,0,0,1,0,1,0,48.099999999999966
1,0,0,0,1,0,0,0,0,1,1,0,0,0,1,1,0,0,1,1,0,0,54.109999999999985
1,0,0,0,1,0,0,0,0,1,1,0,0,0,1,1,0,1,0,0,0,1,50.039999999999964
1,0,0,0,1,0,0,0,0,1,1,0,0,0,1,1,0,1,0,0,1,0,52.20999999999998
1,0,0,0,1,0,0,0,0,1,1,0,0,0,1,1,0,1,0,1,0,0,55.93999999999997
1,0,0,0,1,0,0,0,0,1,1,0,0,1,0,0,1,0,1,0,0,1,53.539999999999964
1,0,0,0,1,0,0,0,0,1,1,0,0,1,0,0,1,0,1,0,1,0,48.66999999999996
1,0,0,0,1,0,0,0,0,1,1,0,0,1,0,0,1,0,1,1,0,0,51.48999999999998
1,0,0,0,1,0,0,0,0,1,1,0,0,1,0,0,1,1,0,0,0,1,45.65999999999997
1,0,0,0,1,0,0,0,0,1,1,0,0,1,0,0,1,1,0,0,1,0,52.71999999999997
1,0,0,0,1,0,0,0,0,1,1,0,0,1,0,0,1,1,0,1,0,0,64.49999999999997
1,0,0,0,1,0,0,0,0,1,1,0,0,1,0,1,0,0,1,0,0,1,50.40999999999997
1,0,0,0,1,0,0,0,0,1,1,0,0,1,0,1,0,0,1,0,1,0,48.39999999999998
1,0,0,0,1,0,0,0,0,1,1,0,0,1,0,1,0,0,1,1,0,0,47.73999999999998
1,0,0,0,1,0,0,0,0,1,1,0,0,1,0,1,0,1,0,0,0,1,48.23999999999998
1,0,0,0,1,0,0,0,0,1,1,0,0,1,0,1,0,1,0,0,1,0,58.69999999999996
1,0,0,0,1,0,0,0,0,1,1,0,0,1,0,1,0,1,0,1,0,0,52.389999999999986
1,0,0,0,1,0,0,0,1,0,0,0,1,0,1,0,1,0,1,0,0,1,46.319999999999965
1,0,0,0,1,0,0,0,1,0,0,0,1,0,1,0,1,0,1,0,1,0,52.91999999999996
1,0,0,0,1,0,0,0,1,0,0,0,1,0,1,0,1,0,1,1,0,0,53.48999999999998
1,0,0,0,1,0,0,0,1,0,0,0,1,0,1,0,1,1,0,0,0,1,58.02999999999997
1,0,0,0,1,0,0,0,1,0,0,0,1,0,1,0,1,1,0,0,1,0,93.89999999999998
1,0,0,0,1,0,0,0,1,0,0,0,1,0,1,0,1,1,0,1,0,0,60.89999999999998
1,0,0,0,1,0,0,0,1,0,0,0,1,0,1,1,0,0,1,0,0,1,57.319999999999965
1,0,0,0,1,0,0,0,1,0,0,0,1,0,1,1,0,0,1,0,1,0,57.71999999999997
1,0,0,0,1,0,0,0,1,0,0,0,1,0,1,1,0,0,1,1,0,0,53.14999999999998
1,0,0,0,1,0,0,0,1,0,0,0,1,0,1,1,0,1,0,0,0,1,55.339999999999975
1,0,0,0,1,0,0,0,1,0,0,0,1,0,1,1,0,1,0,0,1,0,47.48999999999998
1,0,0,0,1,0,0,0,1,0,0,0,1,0,1,1,0,1,0,1,0,0,48.46999999999997
1,0,0,0,1,0,0,0,1,0,0,0,1,1,0,0,1,0,1,0,0,1,55.819999999999965
1,0,0,0,1,0,0,0,1,0,0,0,1,1,0,0,1,0,1,0,1,0,53.579999999999984
1,0,0,0,1,0,0,0,1,0,0,0,1,1,0,0,1,0,1,1,0,0,57.65999999999997
1,0,0,0,1,0,0,0,1,0,0,0,1,1,0,0,1,1,0,0,0,1,63.47999999999996
1,0,0,0,1,0,0,0,1,0,0,0,1,1,0,0,1,1,0,0,1,0,51.29999999999998
1,0,0,0,1,0,0,0,1,0,0,0,1,1,0,0,1,1,0,1,0,0,56.72999999999996
1,0,0,0,1,0,0,0,1,0,0,0,1,1,0,1,0,0,1,0,0,1,56.93999999999997
1,0,0,0,1,0,0,0,1,0,0,0,1,1,0,1,0,0,1,0,1,0,52.319999999999965
1,0,0,0,1,0,0,0,1,0,0,0,1,1,0,1,0,0,1,1,0,0,50.62999999999997
1,0,0,0,1,0,0,0,1,0,0,0,1,1,0,1,0,1,0,0,0,1,60.65999999999997
1,0,0,0,1,0,0,0,1,0,0,0,1,1,0,1,0,1,0,0,1,0,56.04999999999998
1,0,0,0,1,0,0,0,1,0,0,0,1,1,0,1,0,1,0,1,0,0,58.069999999999965
1,0,0,0,1,0,0,0,1,0,0,1,0,0,1,0,1,0,1,0,0,1,63.23999999999998
1,0,0,0,1,0,0,0,1,0,0,1,0,0,1,0,1,0,1,0,1,0,74.19999999999996
1,0,0,0,1,0,0,0,1,0,0,1,0,0,1,0,1,0,1,1,0,0,41.94999999999996
1,0,0,0,1,0,0,0,1,0,0,1,0,0,1,0,1,1,0,0,0,1,52.42999999999998
1,0,0,0,1,0,0,0,1,0,0,1,0,0,1,0,1,1,0,0,1,0,51.639999999999986
1,0,0,0,1,0,0,0,1,0,0,1,0,0,1,0,1,1,0,1,0,0,48.01999999999998
1,0,0,0,1,0,0,0,1,0,0,1,0,0,1,1,0,0,1,0,0,1,50.119999999999976
1,0,0,0,1,0,0,0,1,0,0,1,0,0,1,1,0,0,1,0,1,0,54.46999999999997
1,0,0,0,1,0,0,0,1,0,0,1,0,0,1,1,0,0,1,1,0,0,52.43999999999997
1,0,0,0,1,0,0,0,1,0,0,1,0,0,1,1,0,1,0,0,0,1,47.20999999999998
1,0,0,0,1,0,0,0,1,0,0,1,0,0,1,1,0,1,0,0,1,0,56.74999999999997
1,0,0,0,1,0,0,0,1,0,0,1,0,0,1,1,0,1,0,1,0,0,53.95999999999998
1,0,0,0,1,0,0,0,1,0,0,1,0,1,0,0,1,0,1,0,0,1,49.889999999999986
1,0,0,0,1,0,0,0,1,0,0,1,0,1,0,0,1,0,1,0,1,0,62.869999999999976
1,0,0,0,1,0,0,0,1,0,0,1,0,1,0,0,1,0,1,1,0,0,48.579999999999984
1,0,0,0,1,0,0,0,1,0,0,1,0,1,0,0,1,1,0,0,0,1,47.87999999999997
1,0,0,0,1,0,0,0,1,0,0,1,0,1,0,0,1,1,0,0,1,0,89.86999999999998
1,0,0,0,1,0,0,0,1,0,0,1,0,1,0,0,1,1,0,1,0,0,47.059999999999974
1,0,0,0,1,0,0,0,1,0,0,1,0,1,0,1,0,0,1,0,0,1,55.389999999999986
1,0,0,0,1,0,0,0,1,0,0,1,0,1,0,1,0,0,1,0,1,0,58.809999999999974
1,0,0,0,1,0,0,0,1,0,0,1,0,1,0,1,0,0,1,1,0,0,54.599999999999966
1,0,0,0,1,0,0,0,1,0,0,1,0,1,0,1,0,1,0,0,0,1,50.609999999999985
1,0,0,0,1,0,0,0,1,0,0,1,0,1,0,1,0,1,0,0,1,0,47.819999999999965
1,0,0,0,1,0,0,0,1,0,0,1,0,1,0,1,0,1,0,1,0,0,49.94999999999996
1,0,0,0,1,0,0,0,1,0,1,0,0,0,1,0,1,0,1,0,0,1,57.589999999999975
1,0,0,0,1,0,0,0,1,0,1,0,0,0,1,0,1,0,1,0,1,0,49.22999999999996
1,0,0,0,1,0,0,0,1,0,1,0,0,0,1,0,1,0,1,1,0,0,60.96999999999997
1,0,0,0,1,0,0,0,1,0,1,0,0,0,1,0,1,1,0,0,0,1,53.309999999999974
1,0,0,0,1,0,0,0,1,0,1,0,0,0,1,0,1,1,0,0,1,0,44.48999999999998
1,0,0,0,1,0,0,0,1,0,1,0,0,0,1,0,1,1,0,1,0,0,52.309999999999974
1,0,0,0,1,0,0,0,1,0,1,0,0,0,1,1,0,0,1,0,0,1,45.51999999999998
1,0,0,0,1,0,0,0,1,0,1,0,0,0,1,1,0,0,1,0,1,0,55.119999999999976
1,0,0,0,1,0,0,0,1,0,1,0,0,0,1,1,0,0,1,1,0,0,49.25999999999996
1,0,0,0,1,0,0,0,1,0,1,0,0,0,1,1,0,1,0,0,0,1,59.87999999999997
1,0,0,0,1,0,0,0,1,0,1,0,0,0,1,1,0,1,0,0,1,0,56.389999999999986
1,0,0,0,1,0,0,0,1,0,1,0,0,0,1,1,0,1,0,1,0,0,46.02999999999997
1,0,0,0,1,0,0,0,1,0,1,0,0,1,0,0,1,0,1,0,0,1,51.01999999999998
1,0,0,0,1,0,0,0,1,0,1,0,0,1,0,0,1,0,1,0,1,0,54.14999999999998
1,0,0,0,1,0,0,0,1,0,1,0,0,1,0,0,1,0,1,1,0,0,57.099999999999966
1,0,0,0,1,0,0,0,1,0,1,0,0,1,0,0,1,1,0,0,0,1,52.319999999999965
1,0,0,0,1,0,0,0,1,0,1,0,0,1,0,0,1,1,0,0,1,0,53.52999999999997
1,0,0,0,1,0,0,0,1,0,1,0,0,1,0,0,1,1,0,1,0,0,60.87999999999997
1,0,0,0,1,0,0,0,1,0,1,0,0,1,0,1,0,0,1,0,0,1,59.039999999999964
1,0,0,0,1,0,0,0,1,0,1,0,0,1,0,1,0,0,1,0,1,0,56.93999999999997
1,0,0,0,1,0,0,0,1,0,1,0,0,1,0,1,0,0,1,1,0,0,66.57999999999998
1,0,0,0,1,0,0,0,1,0,1,0,0,1,0,1,0,1,0,0,0,1,55.19999999999996
1,0,0,0,1,0,0,0,1,0,1,0,0,1,0,1,0,1,0,0,1,0,56.01999999999998
1,0,0,0,1,0,0,0,1,0,1,0,0,1,0,1,0,1,0,1,0,0,48.859999999999985
1,0,0,0,1,0,0,1,0,0,0,0,1,0,1,0,1,0,1,0,0,1,44.99999999999997
1,0,0,0,1,0,0,1,0,0,0,0,1,0,1,0,1,0,1,0,1,0,55.12999999999997
1,0,0,0,1,0,0,1,0,0,0,0,1,0,1,0,1,0,1,1,0,0,66.19999999999996
1,0,0,0,1,0,0,1,0,0,0,0,1,0,1,0,1,1,0,0,0,1,54.889999999999986
1,0,0,0,1,0,0,1,0,0,0,0,1,0,1,0,1,1,0,0,1,0,58.26999999999998
1,0,0,0,1,0,0,1,0,0,0,0,1,0,1,0,1,1,0,1,0,0,58.289999999999964
1,0,0,0,1,0,0,1,0,0,0,0,1,0,1,1,0,0,1,0,0,1,85.74999999999997
1,0,0,0,1,0,0,1,0,0,0,0,1,0,1,1,0,0,1,0,1,0,54.76999999999998
1,0,0,0,1,0,0,1,0,0,0,0,1,0,1,1,0,0,1,1,0,0,62.18999999999997
1,0,0,0,1,0,0,1,0,0,0,0,1,0,1,1,0,1,0,0,0,1,54.89999999999998
1,0,0,0,1,0,0,1,0,0,0,0,1,0,1,1,0,1,0,0,1,0,59.26999999999998
1,0,0,0,1,0,0,1,0,0,0,0,1,0,1,1,0,1,0,1,0,0,60.79999999999998
1,0,0,0,1,0,0,1,0,0,0,0,1,1,0,0,1,0,1,0,0,1,61.17999999999998
1,0,0,0,1,0,0,1,0,0,0,0,1,1,0,0,1,0,1,0,1,0,38.29999999999998
1,0,0,0,1,0,0,1,0,0,0,0,1,1,0,0,1,0,1,1,0,0,45.16999999999996
1,0,0,0,1,0,0,1,0,0,0,0,1,1,0,0,1,1,0,0,0,1,60.12999999999997
1,0,0,0,1,0,0,1,0,0,0,0,1,1,0,0,1,1,0,0,1,0,51.37999999999997
1,0,0,0,1,0,0,1,0,0,0,0,1,1,0,0,1,1,0,1,0,0,51.059999999999974
1,0,0,0,1,0,0,1,0,0,0,0,1,1,0,1,0,0,1,0,0,1,64.59999999999997
1,0,0,0,1,0,0,1,0,0,0,0,1,1,0,1,0,0,1,0,1,0,57.569999999999965
1,0,0,0,1,0,0,1,0,0,0,0,1,1,0,1,0,0,1,1,0,0,63.91999999999996
1,0,0,0,1,0,0,1,0,0,0,0,1,1,0,1,0,1,0,0,0,1,49.69999999999996
1,0,0,0,1,0,0,1,0,0,0,0,1,1,0,1,0,1,0,0,1,0,57.359999999999985
1,0,0,0,1,0,0,1,0,0,0,0,1,1,0,1,0,1,0,1,0,0,52.01999999999998
1,0,0,0,1,0,0,1,0,0,0,1,0,0,1,0,1,0,1,0,0,1,52.16999999999996
1,0,0,0,1,0,0,1,0,0,0,1,0,0,1,0,1,0,1,0,1,0,56.00999999999996
1,0,0,0,1,0,0,1,0,0,0,1,0,0,1,0,1,0,1,1,0,0,75.25999999999996
1,0,0,0,1,0,0,1,0,0,0,1,0,0,1,0,1,1,0,0,0,1,77.54999999999998
1,0,0,0,1,0,0,1,0,0,0,1,0,0,1,0,1,1,0,0,1,0,76.27999999999997
1,0,0,0,1,0,0,1,0,0,0,1,0,0,1,0,1,1,0,1,0,0,75.43999999999997
1,0,0,0,1,0,0,1,0,0,0,1,0,0,1,1,0,0,1,0,0,1,55.339999999999975
1,0,0,0,1,0,0,1,0,0,0,1,0,0,1,1,0,0,1,0,1,0,65.65999999999997
1,0,0,0,1,0,0,1,0,0,0,1,0,0,1,1,0,0,1,1,0,0,46.25999999999996
1,0,0,0,1,0,0,1,0,0,0,1,0,0,1,1,0,1,0,0,0,1,46.089999999999975
1,0,0,0,1,0,0,1,0,0,0,1,0,0,1,1,0,1,0,0,1,0,56.98999999999998
1,0,0,0,1,0,0,1,0,0,0,1,0,0,1,1,0,1,0,1,0,0,54.99999999999997
1,0,0,0,1,0,0,1,0,0,0,1,0,1,0,0,1,0,1,0,0,1,65.12999999999997
1,0,0,0,1,0,0,1,0,0,0,1,0,1,0,0,1,0,1,0,1,0,68.41999999999996
1,0,0,0,1,0,0,1,0,0,0,1,0,1,0,0,1,0,1,1,0,0,59.51999999999998
1,0,0,0,1,0,0,1,0,0,0,1,0,1,0,0,1,1,0,0,0,1,61.16999999999996
1,0,0,0,1,0,0,1,0,0,0,1,0,1,0,0,1,1,0,0,1,0,51.87999999999997
1,0,0,0,1,0,0,1,0,0,0,1,0,1,0,0,1,1,0,1,0,0,52.15999999999997
1,0,0,0,1,0,0,1,0,0,0,1,0,1,0,1,0,0,1,0,0,1,56.51999999999998
1,0,0,0,1,0,0,1,0,0,0,1,0,1,0,1,0,0,1,0,1,0,50.77999999999997
1,0,0,0,1,0,0,1,0,0,0,1,0,1,0,1,0,0,1,1,0,0,54.42999999999998
1,0,0,0,1,0,0,1,0,0,0,1,0,1,0,1,0,1,0,0,0,1,50.51999999999998
1,0,0,0,1,0,0,1,0,0,0,1,0,1,0,1,0,1,0,0,1,0,56.27999999999997
1,0,0,0,1,0,0,1,0,0,0,1,0,1,0,1,0,1,0,1,0,0,49.67999999999998
1,0,0,0,1,0,0,1,0,0,1,0,0,0,1,0,1,0,1,0,0,1,58.15999999999997
1,0,0,0,1,0,0,1,0,0,1,0,0,0,1,0,1,0,1,0,1,0,55.37999999999997
1,0,0,0,1,0,0,1,0,0,1,0,0,0,1,0,1,0,1,1,0,0,54.97999999999996
1,0,0,0,1,0,0,1,0,0,1,0,0,0,1,0,1,1,0,0,0,1,60.059999999999974
1,0,0,0,1,0,0,1,0,0,1,0,0,0,1,0,1,1,0,0,1,0,48.44999999999996
1,0,0,0,1,0,0,1,0,0,1,0,0,0,1,0,1,1,0,1,0,0,57.68999999999997
1,0,0,0,1,0,0,1,0,0,1,0,0,0,1,1,0,0,1,0,0,1,48.71999999999997
1,0,0,0,1,0,0,1,0,0,1,0,0,0,1,1,0,0,1,0,1,0,45.609999999999985
1,0,0,0,1,0,0,1,0,0,1,0,0,0,1,1,0,0,1,1,0,0,54.569999999999965
1,0,0,0,1,0,0,1,0,0,1,0,0,0,1,1,0,1,0,0,0,1,58.92999999999998
1,0,0,0,1,0,0,1,0,0,1,0,0,0,1,1,0,1,0,0,1,0,44.20999999999998
1,0,0,0,1,0,0,1,0,0,1,0,0,0,1,1,0,1,0,1,0,0,65.10999999999999
1,0,0,0,1,0,0,1,0,0,1,0,0,1,0,0,1,0,1,0,0,1,72.12999999999997
1,0,0,0,1,0,0,1,0,0,1,0,0,1,0,0,1,0,1,0,1,0,51.20999999999998
1,0,0,0,1,0,0,1,0,0,1,0,0,1,0,0,1,0,1,1,0,0,48.589999999999975
1,0,0,0,1,0,0,1,0,0,1,0,0,1,0,0,1,1,0,0,0,1,48.96999999999997
1,0,0,0,1,0,0,1,0,0,1,0,0,1,0,0,1,1,0,0,1,0,53.329999999999984
1,0,0,0,1,0,0,1,0,0,1,0,0,1,0,0,1,1,0,1,0,0,54.40999999999997
1,0,0,0,1,0,0,1,0,0,1,0,0,1,0,1,0,0,1,0,0,1,47.539999999999964
1,0,0,0,1,0,0,1,0,0,1,0,0,1,0,1,0,0,1,0,1,0,51.67999999999998
1,0,0,0,1,0,0,1,0,0,1,0,0,1,0,1,0,0,1,1,0,0,69.98999999999998
1,0,0,0,1,0,0,1,0,0,1,0,0,1,0,1,0,1,0,0,0,1,52.23999999999998
1,0,0,0,1,0,0,1,0,0,1,0,0,1,0,1,0,1,0,0,1,0,58.039999999999964
1,0,0,0,1,0,0,1,0,0,1,0,0,1,0,1,0,1,0,1,0,0,50.869999999999976
1,0,0,1,0,0,0,0,0,1,0,0,1,0,1,0,1,0,1,0,0,1,49.609999999999985
1,0,0,1,0,0,0,0,0,1,0,0,1,0,1,0,1,0,1,0,1,0,46.93999999999997
1,0,0,1,0,0,0,0,0,1,0,0,1,0,1,0,1,0,1,1,0,0,52.69999999999996
1,0,0,1,0,0,0,0,0,1,0,0,1,0,1,0,1,1,0,0,0,1,52.40999999999997
1,0,0,1,0,0,0,0,0,1,0,0,1,0,1,0,1,1,0,0,1,0,48.67999999999998
1,0,0,1,0,0,0,0,0,1,0,0,1,0,1,0,1,1,0,1,0,0,46.24999999999997
1,0,0,1,0,0,0,0,0,1,0,0,1,0,1,1,0,0,1,0,0,1,55.42999999999998
1,0,0,1,0,0,0,0,0,1,0,0,1,0,1,1,0,0,1,0,1,0,51.339999999999975
1,0,0,1,0,0,0,0,0,1,0,0,1,0,1,1,0,0,1,1,0,0,48.41999999999996
1,0,0,1,0,0,0,0,0,1,0,0,1,0,1,1,0,1,0,0,0,1,56.72999999999996
1,0,0,1,0,0,0,0,0,1,0,0,1,0,1,1,0,1,0,0,1,0,48.93999999999997
1,0,0,1,0,0,0,0,0,1,0,0,1,0,1,1,0,1,0,1,0,0,51.93999999999997
1,0,0,1,0,0,0,0,0,1,0,0,1,1,0,0,1,0,1,0,0,1,51.00999999999996
1,0,0,1,0,0,0,0,0,1,0,0,1,1,0,0,1,0,1,0,1,0,57.48999999999998
1,0,0,1,0,0,0,0,0,1,0,0,1,1,0,0,1,0,1,1,0,0,51.46999999999997
1,0,0,1,0,0,0,0,0,1,0,0,1,1,0,0,1,1,0,0,0,1,54.68999999999997
1,0,0,1,0,0,0,0,0,1,0,0,1,1,0,0,1,1,0,0,1,0,56.559999999999974
1,0,0,1,0,0,0,0,0,1,0,0,1,1,0,0,1,1,0,1,0,0,68.25999999999996
1,0,0,1,0,0,0,0,0,1,0,0,1,1,0,1,0,0,1,0,0,1,63.48999999999998
1,0,0,1,0,0,0,0,0,1,0,0,1,1,0,1,0,0,1,0,1,0,58.37999999999997
1,0,0,1,0,0,0,0,0,1,0,0,1,1,0,1,0,0,1,1,0,0,54.29999999999998
1,0,0,1,0,0,0,0,0,1,0,0,1,1,0,1,0,1,0,0,0,1,56.71999999999997
1,0,0,1,0,0,0,0,0,1,0,0,1,1,0,1,0,1,0,0,1,0,57.69999999999996
1,0,0,1,0,0,0,0,0,1,0,0,1,1,0,1,0,1,0,1,0,0,62.90999999999997
1,0,0,1,0,0,0,0,0,1,0,1,0,0,1,0,1,0,1,0,0,1,57.48999999999998
1,0,0,1,0,0,0,0,0,1,0,1,0,0,1,0,1,0,1,0,1,0,49.17999999999998
1,0,0,1,0,0,0,0,0,1,0,1,0,0,1,0,1,0,1,1,0,0,46.79999999999998
1,0,0,1,0,0,0,0,0,1,0,1,0,0,1,0,1,1,0,0,0,1,66.29999999999998
1,0,0,1,0,0,0,0,0,1,0,1,0,0,1,0,1,1,0,0,1,0,53.889999999999986
1,0,0,1,0,0,0,0,0,1,0,1,0,0,1,0,1,1,0,1,0,0,45.01999999999998
1,0,0,1,0,0,0,0,0,1,0,1,0,0,1,1,0,0,1,0,0,1,51.71999999999997
1,0,0,1,0,0,0,0,0,1,0,1,0,0,1,1,0,0,1,0,1,0,45.64999999999998
1,0,0,1,0,0,0,0,0,1,0,1,0,0,1,1,0,0,1,1,0,0,64.54999999999998
1,0,0,1,0,0,0,0,0,1,0,1,0,0,1,1,0,1,0,0,0,1,51.059999999999974
1,0,0,1,0,0,0,0,0,1,0,1,0,0,1,1,0,1,0,0,1,0,38.859999999999985
1,0,0,1,0,0,0,0,0,1,0,1,0,0,1,1,0,1,0,1,0,0,46.089999999999975
1,0,0,1,0,0,0,0,0,1,0,1,0,1,0,0,1,0,1,0,0,1,52.119999999999976
1,0,0,1,0,0,0,0,0,1,0,1,0,1,0,0,1,0,1,0,1,0,53.569999999999965
1,0,0,1,0,0,0,0,0,1,0,1,0,1,0,0,1,0,1,1,0,0,44.44999999999996
1,0,0,1,0,0,0,0,0,1,0,1,0,1,0,0,1,1,0,0,0,1,49.27999999999997
1,0,0,1,0,0,0,0,0,1,0,1,0,1,0,0,1,1,0,0,1,0,50.329999999999984
1,0,0,1,0,0,0,0,0,1,0,1,0,1,0,0,1,1,0,1,0,0,54.25999999999996
1,0,0,1,0,0,0,0,0,1,0,1,0,1,0,1,0,0,1,0,0,1,56.39999999999998
1,0,0,1,0,0,0,0,0,1,0,1,0,1,0,1,0,0,1,0,1,0,50.349999999999966
1,0,0,1,0,0,0,0,0,1,0,1,0,1,0,1,0,0,1,1,0,0,95.16999999999996
1,0,0,1,0,0,0,0,0,1,0,1,0,1,0,1,0,1,0,0,0,1,48.559999999999974
1,0,0,1,0,0,0,0,0,1,0,1,0,1,0,1,0,1,0,0,1,0,53.099999999999966
1,0,0,1,0,0,0,0,0,1,0,1,0,1,0,1,0,1,0,1,0,0,46.17999999999998
1,0,0,1,0,0,0,0,0,1,1,0,0,0,1,0,1,0,1,0,0,1,46.539999999999964
1,0,0,1,0,0,0,0,0,1,1,0,0,0,1,0,1,0,1,0,1,0,61.089999999999975
1,0,0,1,0,0,0,0,0,1,1,0,0,0,1,0,1,0,1,1,0,0,51.559999999999974
1,0,0,1,0,0,0,0,0,1,1,0,0,0,1,0,1,1,0,0,0,1,46.789999999999964
1,0,0,1,0,0,0,0,0,1,1,0,0,0,1,0,1,1,0,0,1,0,52.62999999999997
1,0,0,1,0,0,0,0,0,1,1,0,0,0,1,0,1,1,0,1,0,0,62.389999999999986
1,0,0,1,0,0,0,0,0,1,1,0,0,0,1,1,0,0,1,0,0,1,53.12999999999997
1,0,0,1,0,0,0,0,0,1,1,0,0,0,1,1,0,0,1,0,1,0,46.15999999999997
1,0,0,1,0,0,0,0,0,1,1,0,0,0,1,1,0,0,1,1,0,0,44.289999999999964
1,0,0,1,0,0,0,0,0,1,1,0,0,0,1,1,0,1,0,0,0,1,48.62999999999997
1,0,0,1,0,0,0,0,0,1,1,0,0,0,1,1,0,1,0,0,1,0,50.92999999999998
1,0,0,1,0,0,0,0,0,1,1,0,0,0,1,1,0,1,0,1,0,0,53.66999999999996
1,0,0,1,0,0,0,0,0,1,1,0,0,1,0,0,1,0,1,0,0,1,56.40999999999997
1,0,0,1,0,0,0,0,0,1,1,0,0,1,0,0,1,0,1,0,1,0,62.079999999999984
1,0,0,1,0,0,0,0,0,1,1,0,0,1,0,0,1,0,1,1,0,0,55.569999999999965
1,0,0,1,0,0,0,0,0,1,1,0,0,1,0,0,1,1,0,0,0,1,56.18999999999997
1,0,0,1,0,0,0,0,0,1,1,0,0,1,0,0,1,1,0,0,1,0,90.61999999999998
1,0,0,1,0,0,0,0,0,1,1,0,0,1,0,0,1,1,0,1,0,0,53.589999999999975
1,0,0,1,0,0,0,0,0,1,1,0,0,1,0,1,0,0,1,0,0,1,46.819999999999965
1,0,0,1,0,0,0,0,0,1,1,0,0,1,0,1,0,0,1,0,1,0,45.20999999999998
1,0,0,1,0,0,0,0,0,1,1,0,0,1,0,1,0,0,1,1,0,0,60.309999999999974
1,0,0,1,0,0,0,0,0,1,1,0,0,1,0,1,0,1,0,0,0,1,53.16999999999996
1,0,0,1,0,0,0,0,0,1,1,0,0,1,0,1,0,1,0,0,1,0,50.76999999999998
1,0,0,1,0,0,0,0,0,1,1,0,0,1,0,1,0,1,0,1,0,0,49.64999999999998
1,0,0,1,0,0,0,0,1,0,0,0,1,0,1,0,1,0,1,0,0,1,52.599999999999966
1,0,0,1,0,0,0,0,1,0,0,0,1,0,1,0,1,0,1,0,1,0,47.93999999999997
1,0,0,1,0,0,0,0,1,0,0,0,1,0,1,0,1,0,1,1,0,0,47.16999999999996
1,0,0,1,0,0,0,0,1,0,0,0,1,0,1,0,1,1,0,0,0,1,51.54999999999998
1,0,0,1,0,0,0,0,1,0,0,0,1,0,1,0,1,1,0,0,1,0,55.319999999999965
1,0,0,1,0,0,0,0,1,0,0,0,1,0,1,0,1,1,0,1,0,0,44.02999999999997
1,0,0,1,0,0,0,0,1,0,0,0,1,0,1,1,0,0,1,0,0,1,48.89999999999998
1,0,0,1,0,0,0,0,1,0,0,0,1,0,1,1,0,0,1,0,1,0,49.62999999999997
1,0,0,1,0,0,0,0,1,0,0,0,1,0,1,1,0,0,1,1,0,0,61.089999999999975
1,0,0,1,0,0,0,0,1,0,0,0,1,0,1,1,0,1,0,0,0,1,58.17999999999998
1,0,0,1,0,0,0,0,1,0,0,0,1,0,1,1,0,1,0,0,1,0,91.79999999999998
1,0,0,1,0,0,0,0,1,0,0,0,1,0,1,1,0,1,0,1,0,0,50.079999999999984
1,0,0,1,0,0,0,0,1,0,0,0,1,1,0,0,1,0,1,0,0,1,53.95999999999998
1,0,0,1,0,0,0,0,1,0,0,0,1,1,0,0,1,0,1,0,1,0,51.309999999999974
1,0,0,1,0,0,0,0,1,0,0,0,1,1,0,0,1,0,1,1,0,0,59.50999999999996
1,0,0,1,0,0,0,0,1,0,0,0,1,1,0,0,1,1,0,0,0,1,47.62999999999997
1,0,0,1,0,0,0,0,1,0,0,0,1,1,0,0,1,1,0,0,1,0,51.70999999999998
1,0,0,1,0,0,0,0,1,0,0,0,1,1,0,0,1,1,0,1,0,0,60.23999999999998
1,0,0,1,0,0,0,0,1,0,0,0,1,1,0,1,0,0,1,0,0,1,52.69999999999996
1,0,0,1,0,0,0,0,1,0,0,0,1,1,0,1,0,0,1,0,1,0,53.96999999999997
1,0,0,1,0,0,0,0,1,0,0,0,1,1,0,1,0,0,1,1,0,0,45.69999999999996
1,0,0,1,0,0,0,0,1,0,0,0,1,1,0,1,0,1,0,0,0,1,43.839999999999975
1,0,0,1,0,0,0,0,1,0,0,0,1,1,0,1,0,1,0,0,1,0,55.64999999999998
1,0,0,1,0,0,0,0,1,0,0,0,1,1,0,1,0,1,0,1,0,0,56.26999999999998
1,0,0,1,0,0,0,0,1,0,0,1,0,0,1,0,1,0,1,0,0,1,52.90999999999997
1,0,0,1,0,0,0,0,1,0,0,1,0,0,1,0,1,0,1,0,1,0,52.889999999999986
1,0,0,1,0,0,0,0,1,0,0,1,0,0,1,0,1,0,1,1,0,0,42.96999999999997
1,0,0,1,0,0,0,0,1,0,0,1,0,0,1,0,1,1,0,0,0,1,54.21999999999997
1,0,0,1,0,0,0,0,1,0,0,1,0,0,1,0,1,1,0,0,1,0,40.289999999999964
1,0,0,1,0,0,0,0,1,0,0,1,0,0,1,0,1,1,0,1,0,0,47.50999999999996
1,0,0,1,0,0,0,0,1,0,0,1,0,0,1,1,0,0,1,0,0,1,48.869999999999976
1,0,0,1,0,0,0,0,1,0,0,1,0,0,1,1,0,0,1,0,1,0,52.96999999999997
1,0,0,1,0,0,0,0,1,0,0,1,0,0,1,1,0,0,1,1,0,0,57.099999999999966
1,0,0,1,0,0,0,0,1,0,0,1,0,0,1,1,0,1,0,0,0,1,55.72999999999996
1,0,0,1,0,0,0,0,1,0,0,1,0,0,1,1,0,1,0,0,1,0,56.15999999999997
1,0,0,1,0,0,0,0,1,0,0,1,0,0,1,1,0,1,0,1,0,0,52.94999999999996
1,0,0,1,0,0,0,0,1,0,0,1,0,1,0,0,1,0,1,0,0,1,52.539999999999964
1,0,0,1,0,0,0,0,1,0,0,1,0,1,0,0,1,0,1,0,1,0,54.76999999999998
1,0,0,1,0,0,0,0,1,0,0,1,0,1,0,0,1,0,1,1,0,0,52.43999999999997
1,0,0,1,0,0,0,0,1,0,0,1,0,1,0,0,1,1,0,0,0,1,48.01999999999998
1,0,0,1,0,0,0,0,1,0,0,1,0,1,0,0,1,1,0,0,1,0,54.139999999999986
1,0,0,1,0,0,0,0,1,0,0,1,0,1,0,0,1,1,0,1,0,0,55.589999999999975
1,0,0,1,0,0,0,0,1,0,0,1,0,1,0,1,0,0,1,0,0,1,46.20999999999998
1,0,0,1,0,0,0,0,1,0,0,1,0,1,0,1,0,0,1,0,1,0,48.54999999999998
1,0,0,1,0,0,0,0,1,0,0,1,0,1,0,1,0,0,1,1,0,0,59.70999999999998
1,0,0,1,0,0,0,0,1,0,0,1,0,1,0,1,0,1,0,0,0,1,51.24999999999997
1,0,0,1,0,0,0,0,1,0,0,1,0,1,0,1,0,1,0,0,1,0,55.369999999999976
1,0,0,1,0,0,0,0,1,0,0,1,0,1,0,1,0,1,0,1,0,0,48.789999999999964
1,0,0,1,0,0,0,0,1,0,1,0,0,0,1,0,1,0,1,0,0,1,61.089999999999975
1,0,0,1,0,0,0,0,1,0,1,0,0,0,1,0,1,0,1,0,1,0,61.12999999999997
1,0,0,1,0,0,0,0,1,0,1,0,0,0,1,0,1,0,1,1,0,0,65.40999999999997
1,0,0,1,0,0,0,0,1,0,1,0,0,0,1,0,1,1,0,0,0,1,51.19999999999996
1,0,0,1,0,0,0,0,1,0,1,0,0,0,1,0,1,1,0,0,1,0,51.76999999999998
1,0,0,1,0,0,0,0,1,0,1,0,0,0,1,0,1,1,0,1,0,0,59.859999999999985
1,0,0,1,0,0,0,0,1,0,1,0,0,0,1,1,0,0,1,0,0,1,54.059999999999974
1,0,0,1,0,0,0,0,1,0,1,0,0,0,1,1,0,0,1,0,1,0,46.01999999999998
1,0,0,1,0,0,0,0,1,0,1,0,0,0,1,1,0,0,1,1,0,0,51.849999999999966
1,0,0,1,0,0,0,0,1,0,1,0,0,0,1,1,0,1,0,0,0,1,44.12999999999997
1,0,0,1,0,0,0,0,1,0,1,0,0,0,1,1,0,1,0,0,1,0,44.40999999999997
1,0,0,1,0,0,0,0,1,0,1,0,0,0,1,1,0,1,0,1,0,0,48.829999999999984
1,0,0,1,0,0,0,0,1,0,1,0,0,1,0,0,1,0,1,0,0,1,50.109999999999985
1,0,0,1,0,0,0,0,1,0,1,0,0,1,0,0,1,0,1,0,1,0,49.91999999999996
1,0,0,1,0,0,0,0,1,0,1,0,0,1,0,0,1,0,1,1,0,0,38.64999999999998
1,0,0,1,0,0,0,0,1,0,1,0,0,1,0,0,1,1,0,0,0,1,48.76999999999998
1,0,0,1,0,0,0,0,1,0,1,0,0,1,0,0,1,1,0,0,1,0,42.22999999999996
1,0,0,1,0,0,0,0,1,0,1,0,0,1,0,0,1,1,0,1,0,0,39.92999999999998
1,0,0,1,0,0,0,0,1,0,1,0,0,1,0,1,0,0,1,0,0,1,50.70999999999998
1,0,0,1,0,0,0,0,1,0,1,0,0,1,0,1,0,0,1,0,1,0,54.19999999999996
1,0,0,1,0,0,0,0,1,0,1,0,0,1,0,1,0,0,1,1,0,0,45.66999999999996
1,0,0,1,0,0,0,0,1,0,1,0,0,1,0,1,0,1,0,0,0,1,59.37999999999997
1,0,0,1,0,0,0,0,1,0,1,0,0,1,0,1,0,1,0,0,1,0,50.46999999999997
1,0,0,1,0,0,0,0,1,0,1,0,0,1,0,1,0,1,0,1,0,0,45.71999999999997
1,0,0,1,0,0,0,1,0,0,0,0,1,0,1,0,1,0,1,0,0,1,50.15999999999997
1,0,0,1,0,0,0,1,0,0,0,0,1,0,1,0,1,0,1,0,1,0,43.349999999999966
1,0,0,1,0,0,0,1,0,0,0,0,1,0,1,0,1,0,1,1,0,0,46.329999999999984
1,0,0,1,0,0,0,1,0,0,0,0,1,0,1,0,1,1,0,0,0,1,45.01999999999998
1,0,0,1,0,0,0,1,0,0,0,0,1,0,1,0,1,1,0,0,1,0,50.289999999999964
1,0,0,1,0,0,0,1,0,0,0,0,1,0,1,0,1,1,0,1,0,0,49.539999999999964
1,0,0,1,0,0,0,1,0,0,0,0,1,0,1,1,0,0,1,0,0,1,51.27999999999997
1,0,0,1,0,0,0,1,0,0,0,0,1,0,1,1,0,0,1,0,1,0,53.099999999999966
1,0,0,1,0,0,0,1,0,0,0,0,1,0,1,1,0,0,1,1,0,0,56.69999999999996
1,0,0,1,0,0,0,1,0,0,0,0,1,0,1,1,0,1,0,0,0,1,45.599999999999966
1,0,0,1,0,0,0,1,0,0,0,0,1,0,1,1,0,1,0,0,1,0,52.02999999999997
1,0,0,1,0,0,0,1,0,0,0,0,1,0,1,1,0,1,0,1,0,0,48.819999999999965
1,0,0,1,0,0,0,1,0,0,0,0,1,1,0,0,1,0,1,0,0,1,51.18999999999997
1,0,0,1,0,0,0,1,0,0,0,0,1,1,0,0,1,0,1,0,1,0,86.61999999999998
1,0,0,1,0,0,0,1,0,0,0,0,1,1,0,0,1,0,1,1,0,0,39.70999999999998
1,0,0,1,0,0,0,1,0,0,0,0,1,1,0,0,1,1,0,0,0,1,45.46999999999997
1,0,0,1,0,0,0,1,0,0,0,0,1,1,0,0,1,1,0,0,1,0,45.62999999999997
1,0,0,1,0,0,0,1,0,0,0,0,1,1,0,0,1,1,0,1,0,0,46.789999999999964
1,0,0,1,0,0,0,1,0,0,0,0,1,1,0,1,0,0,1,0,0,1,53.97999999999996
1,0,0,1,0,0,0,1,0,0,0,0,1,1,0,1,0,0,1,0,1,0,51.389999999999986
1,0,0,1,0,0,0,1,0,0,0,0,1,1,0,1,0,0,1,1,0,0,42.94999999999996
1,0,0,1,0,0,0,1,0,0,0,0,1,1,0,1,0,1,0,0,0,1,55.43999999999997
1,0,0,1,0,0,0,1,0,0,0,0,1,1,0,1,0,1,0,0,1,0,42.79999999999998
1,0,0,1,0,0,0,1,0,0,0,0,1,1,0,1,0,1,0,1,0,0,56.75999999999996
1,0,0,1,0,0,0,1,0,0,0,1,0,0,1,0,1,0,1,0,0,1,47.92999999999998
1,0,0,1,0,0,0,1,0,0,0,1,0,0,1,0,1,0,1,0,1,0,46.27999999999997
1,0,0,1,0,0,0,1,0,0,0,1,0,0,1,0,1,0,1,1,0,0,49.87999999999997
1,0,0,1,0,0,0,1,0,0,0,1,0,0,1,0,1,1,0,0,0,1,47.91999999999996
1,0,0,1,0,0,0,1,0,0,0,1,0,0,1,0,1,1,0,0,1,0,44.18999999999997
1,0,0,1,0,0,0,1,0,0,0,1,0,0,1,0,1,1,0,1,0,0,49.46999999999997
1,0,0,1,0,0,0,1,0,0,0,1,0,0,1,1,0,0,1,0,0,1,49.98999999999998
1,0,0,1,0,0,0,1,0,0,0,1,0,0,1,1,0,0,1,0,1,0,46.92999999999998
1,0,0,1,0,0,0,1,0,0,0,1,0,0,1,1,0,0,1,1,0,0,46.96999999999997
1,0,0,1,0,0,0,1,0,0,0,1,0,0,1,1,0,1,0,0,0,1,48.42999999999998
1,0,0,1,0,0,0,1,0,0,0,1,0,0,1,1,0,1,0,0,1,0,45.49999999999997
1,0,0,1,0,0,0,1,0,0,0,1,0,0,1,1,0,1,0,1,0,0,48.089999999999975
1,0,0,1,0,0,0,1,0,0,0,1,0,1,0,0,1,0,1,0,0,1,49.22999999999996
1,0,0,1,0,0,0,1,0,0,0,1,0,1,0,0,1,0,1,0,1,0,52.139999999999986
1,0,0,1,0,0,0,1,0,0,0,1,0,1,0,0,1,0,1,1,0,0,41.25999999999996
1,0,0,1,0,0,0,1,0,0,0,1,0,1,0,0,1,1,0,0,0,1,59.42999999999998
1,0,0,1,0,0,0,1,0,0,0,1,0,1,0,0,1,1,0,0,1,0,50.00999999999996
1,0,0,1,0,0,0,1,0,0,0,1,0,1,0,0,1,1,0,1,0,0,49.04999999999998
1,0,0,1,0,0,0,1,0,0,0,1,0,1,0,1,0,0,1,0,0,1,41.54999999999998
1,0,0,1,0,0,0,1,0,0,0,1,0,1,0,1,0,0,1,0,1,0,39.639999999999986
1,0,0,1,0,0,0,1,0,0,0,1,0,1,0,1,0,0,1,1,0,0,44.359999999999985
1,0,0,1,0,0,0,1,0,0,0,1,0,1,0,1,0,1,0,0,0,1,40.26999999999998
1,0,0,1,0,0,0,1,0,0,0,1,0,1,0,1,0,1,0,0,1,0,48.19999999999996
1,0,0,1,0,0,0,1,0,0,0,1,0,1,0,1,0,1,0,1,0,0,59.339999999999975
1,0,0,1,0,0,0,1,0,0,1,0,0,0,1,0,1,0,1,0,0,1,50.079999999999984
1,0,0,1,0,0,0,1,0,0,1,0,0,0,1,0,1,0,1,0,1,0,51.889999999999986
1,0,0,1,0,0,0,1,0,0,1,0,0,0,1,0,1,0,1,1,0,0,44.54999999999998
1,0,0,1,0,0,0,1,0,0,1,0,0,0,1,0,1,1,0,0,0,1,58.37999999999997
1,0,0,1,0,0,0,1,0,0,1,0,0,0,1,0,1,1,0,0,1,0,91.88999999999999
1,0,0,1,0,0,0,1,0,0,1,0,0,0,1,0,1,1,0,1,0,0,64.18999999999997
1,0,0,1,0,0,0,1,0,0,1,0,0,0,1,1,0,0,1,0,0,1,65.66999999999996
1,0,0,1,0,0,0,1,0,0,1,0,0,0,1,1,0,0,1,0,1,0,65.23999999999998
1,0,0,1,0,0,0,1,0,0,1,0,0,0,1,1,0,0,1,1,0,0,55.289999999999964
1,0,0,1,0,0,0,1,0,0,1,0,0,0,1,1,0,1,0,0,0,1,64.66999999999996
1,0,0,1,0,0,0,1,0,0,1,0,0,0,1,1,0,1,0,0,1,0,65.24999999999997
1,0,0,1,0,0,0,1,0,0,1,0,0,0,1,1,0,1,0,1,0,0,65.73999999999998
1,0,0,1,0,0,0,1,0,0,1,0,0,1,0,0,1,0,1,0,0,1,60.68999999999997
1,0,0,1,0,0,0,1,0,0,1,0,0,1,0,0,1,0,1,0,1,0,65.83999999999997
1,0,0,1,0,0,0,1,0,0,1,0,0,1,0,0,1,0,1,1,0,0,76.53999999999996
1,0,0,1,0,0,0,1,0,0,1,0,0,1,0,0,1,1,0,0,0,1,74.19999999999996
1,0,0,1,0,0,0,1,0,0,1,0,0,1,0,0,1,1,0,0,1,0,61.46999999999997
1,0,0,1,0,0,0,1,0,0,1,0,0,1,0,0,1,1,0,1,0,0,80.31999999999996
1,0,0,1,0,0,0,1,0,0,1,0,0,1,0,1,0,0,1,0,0,1,78.11999999999998
1,0,0,1,0,0,0,1,0,0,1,0,0,1,0,1,0,0,1,0,1,0,72.27999999999997
1,0,0,1,0,0,0,1,0,0,1,0,0,1,0,1,0,0,1,1,0,0,80.60999999999999
1,0,0,1,0,0,0,1,0,0,1,0,0,1,0,1,0,1,0,0,0,1,52.819999999999965
1,0,0,1,0,0,0,1,0,0,1,0,0,1,0,1,0,1,0,0,1,0,62.27999999999997
1,0,0,1,0,0,0,1,0,0,1,0,0,1,0,1,0,1,0,1,0,0,67.66999999999996
